QID;label
Q1;Pos
Q2;Strand
Q3;Length
Q4;TSS
Q5;Locus tag
Q6;b001
Q7;TSS_38_+
Q8;Gene
Q9;Transcription Start Site
Q11;LB_0.4
Q12;LB_2.0
Q10;M63_0.4
Q21;b0009
Q22;b0010
Q23;b0011
Q24;b0013
Q13;b0001
Q14;b0002
Q15;b0003
Q16;b0004
Q17;b0005
Q18;b0006
Q19;b0007
Q20;b0008
Q32;b0020
Q33;b0021
Q34;b0022
Q35;b0023
Q36;b0024
Q25;b0014
Q26;b0015
Q27;b0016
Q29;b0018
Q31;b0019
Q28;b4412
Q30;b4413
Q53;b0042
Q54;b0045
Q55;b0046
Q56;b0047
Q57;b0048
Q37;b0025
Q38;b0026
Q39;b0027
Q40;b0029
Q41;b0030
Q42;b0031
Q58;b0049
Q59;b0050
Q60;b0051
Q61;b0052
Q51;b0041
Q52;b0043
Q82;b0074
Q83;b0075
Q43;b0032
Q44;b0033
Q45;b0034
Q46;b0035
Q47;b0036
Q48;b0037
Q49;b0039
Q50;b0040
Q91;b0084
Q62;b0053
Q63;b0054
Q64;b0055
Q84;b0076
Q85;b0077
Q86;b0078
Q87;b0080
Q88;b0081
Q89;b0082
Q90;b0083
Q66;b0058
Q67;b0059
Q68;b0060
Q69;b0061
Q70;b0062
Q71;b0063
Q65;b4659
Q72;b0064
Q73;b0065
Q74;b0067
Q75;b0068
Q76;b0069
Q79;b0070
Q80;b0071
Q81;b0072
Q77;b4577
Q78;b4662
Q112;b0108
Q113;b0109
Q114;b0110
Q115;b0111
Q116;b0112
Q117;b0113
Q118;b0114
Q119;b0115
Q120;b0116
Q102;b0096
Q103;b0097
Q111;b0107
Q92;b0085
Q100;b0094
Q101;b0095
Q93;b0086
Q94;b0088
Q95;b0089
Q96;b0090
Q97;b0091
Q98;b0092
Q99;b0093
Q104;b0098
Q105;b0099
Q106;b0101
Q107;b0102
Q108;b0103
Q109;b0104
Q110;b0106
Q131;b0127
Q132;b0128
Q133;b0129
Q134;b0130
Q135;b0131
Q136;b0132
Q137;b0133
Q138;b0134
Q139;b0135
Q140;b0137
Q127;b0123
Q128;b0124
Q129;b0125
Q130;b0126
Q121;b0117
Q122;b0118
Q123;b0119
Q124;b0120
Q125;b0121
Q126;b0122
Q148;b0145
Q149;b0146
Q150;b0147
Q151;b0148
Q152;b0149
Q141;b0138
Q142;b0139
Q143;b0140
Q144;b0141
Q145;b0142
Q146;b0143
Q147;b0144
Q160;b0157
Q161;b0158
Q162;b0159
Q163;b0160
Q164;b0161
Q165;b0162
Q166;b0163
Q167;b0164
Q168;b0166
Q153;b0150
Q154;b0151
Q155;b0152
Q156;b0153
Q157;b0154
Q158;b0155
Q159;b0156
Q169;b0167
Q170;b0168
Q172;b0169
Q173;b0170
Q174;b0171
Q175;b0172
Q176;b0173
Q171;b4414
Q177;b0174
Q178;b0175
Q179;b0176
Q188;b0186
Q189;b0187
Q190;b0188
Q191;b0189
Q180;b0177
Q181;b0178
Q182;b0179
Q183;b0180
Q184;b0181
Q185;b0182
Q186;b0184
Q187;b0185
Q199;b0196
Q200;b0197
Q201;b0198
Q202;b0199
Q203;b0200
Q204;b0201
Q205;b0202
Q206;b0203
Q207;b0204
Q208;b0205
Q193;b0190
Q194;b0191
Q195;b0192
Q196;b0193
Q197;b0194
Q198;b0195
Q192;b4406
Q210;b0206
Q209;b0207
Q211;b0208
Q212;b0209
Q213;b0210
Q214;b0211
Q215;b0212
Q216;b0213
Q218;b0214
Q217;b0215
Q219;b0216
Q220;b0217
Q222;b0218
Q223;b0219
Q224;b0220
Q225;b0221
Q221;b4586
Q226;b0222
Q227;b0223
Q228;b0224
Q229;b0225
Q230;b0226
Q231;b0227
Q232;b0228
Q233;b0229
Q234;b0230
Q235;b0231
Q236;b0232
Q237;b0233
Q238;b0235
Q239;b0237
Q240;b0238
Q248;b0245
Q249;b0247
Q250;b0248
Q262;b0258
Q261;b4690
Q241;b0239
Q242;b0240
Q243;b0241
Q244;b0242
Q245;b0243
Q246;b0244
Q247;b4626
Q263;b0259
Q264;b0260
Q265;b0261
Q266;b0262
Q267;b0263
Q268;b0264
Q251;b0249
Q252;b0250
Q253;b0251
Q256;b0252
Q254;b4627
Q255;b4628
Q257;b0253
Q258;b0254
Q259;b0256
Q260;b4587
Q276;b0270
Q277;b0272
Q278;b0273
Q279;b4688
Q269;b0265
Q272;b0266
Q273;b0267
Q274;b0268
Q275;b0269
Q271;b4505
Q270;b4708
Q280;b0274
Q281;b0275
Q282;b0276
Q283;b0277
Q284;b0278
Q285;b0279
Q286;b0280
Q287;b0281
Q288;b4629
Q299;b0291
Q300;b0293
Q301;b0294
Q291;b0283
Q292;b0284
Q293;b0285
Q289;b4694
Q290;b4695
Q302;b0295
Q304;b0296
Q307;b0298
Q308;b0299
Q303;b4506
Q306;b4630
Q305;b4671
Q294;b0286
Q295;b0287
Q296;b0288
Q297;b0289
Q298;b0290
Q314;b0305
Q315;b0306
Q316;b0307
Q317;b0308
Q318;b0310
Q309;b0300
Q311;b0301
Q312;b0303
Q313;b0304
Q310;b4631
Q319;b0311
Q320;b0312
Q321;b0313
Q322;b0314
Q323;b0315
Q324;b0316
Q325;b0317
Q326;b0319
Q327;b0318
Q328;b0321
Q329;b0323
Q330;b0324
Q338;b0334
Q339;b0335
Q340;b0336
Q341;b0337
Q331;b0325
Q332;b0326
Q333;b0327
Q334;b0328
Q335;b0329
Q336;b0330
Q337;b0333
Q342;b0338
Q343;b0339
Q344;b0340
Q345;b0341
Q346;b0342
Q347;b0343
Q353;b0350
Q354;b0353
Q355;b0354
Q356;b0355
Q357;b0356
Q348;b0344
Q349;b0345
Q350;b0346
Q351;b0348
Q352;b0349
Q358;b0357
Q359;b0358
Q361;b0360
Q362;b0361
Q364;b0363
Q365;b0364
Q366;b0368
Q360;b4579
Q367;b0369
Q368;b4580
Q369;b0372
Q371;b0373
Q372;b0375
Q373;b0376
Q374;b0377
Q375;b0378
Q376;b0379
Q377;b0380
Q378;b0381
Q379;b0382
Q380;b0383
Q381;b0384
Q389;b0391
Q390;b0393
Q391;b0394
Q392;b0396
Q382;b0385
Q383;b0386
Q384;b0387
Q385;b0388
Q386;b0389
Q387;b0390
Q388;b0392
Q401;b0405
Q402;b0406
Q403;b0407
Q404;b0408
Q393;b0397
Q394;b0398
Q395;b0399
Q396;b0400
Q397;b0401
Q398;b0402
Q399;b0403
Q400;b0404
Q412;b0417
Q413;b0418
Q414;b0419
Q415;b0420
Q416;b0421
Q405;b0409
Q406;b0410
Q407;b0411
Q408;b0412
Q409;b0413
Q410;b0414
Q411;b0415
Q417;b0422
Q418;b0423
Q419;b0424
Q420;b0425
Q421;b0426
Q422;b0427
Q423;b0428
Q424;b0429
Q425;b0430
Q426;b0431
Q427;b0432
Q428;b0433
Q429;b0434
Q430;b0435
Q431;b0436
Q432;b0437
Q433;b0438
Q434;b0439
Q435;b0440
Q436;b0441
Q437;b0442
Q445;b0451
Q446;b0452
Q447;b0453
Q448;b0454
Q438;b0443
Q439;b0444
Q440;b0445
Q441;b0446
Q442;b0447
Q443;b0448
Q444;b0449
Q460;b0466
Q462;b0467
Q461;b0468
Q463;b0469
Q464;b0470
Q465;b0471
Q466;b0472
Q467;b0473
Q456;b0462
Q457;b0463
Q458;b0464
Q459;b0465
Q449;b0455
Q450;b0456
Q451;b0457
Q452;b0458
Q453;b0459
Q454;b0460
Q455;b0461
Q468;b0474
Q469;b0475
Q470;b0476
Q471;b0477
Q472;b0478
Q473;b0479
Q474;b0480
Q475;b0481
Q477;b0482
Q476;b4585
Q478;b0483
Q479;b0484
Q480;b0486
Q481;b0487
Q482;b0489
Q483;b0490
Q484;b0491
Q485;b0492
Q486;b0493
Q487;b0494
Q488;b0495
Q489;b0496
Q490;b0497
Q491;b0499
Q492;b0501
Q493;b0502
Q494;b0503
Q495;b0504
Q496;b0505
Q497;b0506
Q498;b0507
Q499;b0508
Q500;b0509
Q505;b0515
Q506;b0516
Q507;b0517
Q508;b0520
Q509;b0522
Q510;b0523
Q501;b0511
Q502;b0512
Q503;b0513
Q504;b0514
Q511;b0524
Q512;b0525
Q513;b0526
Q514;b0527
Q515;b0528
Q516;b0529
Q517;b0530
Q518;b0532
Q519;b0533
Q520;b0535
Q528;b0542
Q529;b0543
Q530;b0544
Q531;b0545
Q521;b0536
Q522;b0537
Q525;b0539
Q526;b0540
Q527;b0541
Q524;b4508
Q523;b4633
Q540;b0554
Q541;b0555
Q542;b0556
Q543;b0557
Q532;b0546
Q534;b0547
Q535;b0548
Q536;b0551
Q538;b0552
Q539;b0553
Q537;b4509
Q533;b4588
Q549;b0562
Q550;b0563
Q551;b0564
Q552;b0565
Q554;b0566
Q553;b4635
Q544;b0558
Q545;b0559
Q547;b0560
Q548;b0561
Q546;b4634
Q555;b0567
Q556;b0568
Q557;b0569
Q558;b0570
Q559;b0571
Q560;b0572
Q561;b0573
Q562;b0574
Q563;b0575
Q564;b0576
Q573;b0583
Q574;b0584
Q575;b0585
Q576;b0586
Q565;b0577
Q566;b0578
Q567;b0579
Q568;b0580
Q569;b0581
Q572;b0582
Q570;b4415
Q571;b4700
Q584;b0593
Q585;b0594
Q586;b0596
Q587;b0597
Q588;b0598
Q578;b0587
Q579;b0588
Q580;b0589
Q581;b0590
Q582;b0591
Q583;b0592
Q577;b4511
Q590;b0599
Q591;b0600
Q592;b0601
Q593;b0602
Q594;b0603
Q589;b4512
Q605;b0615
Q606;b0616
Q607;b0618
Q608;b0619
Q609;b0620
Q599;b0607
Q600;b0610
Q601;b0611
Q602;b0612
Q603;b0613
Q604;b0614
Q610;b0621
Q611;b0622
Q612;b0623
Q613;b0624
Q615;b0627
Q616;b0628
Q617;b0629
Q614;b4581
Q595;b0604
Q596;b0605
Q597;b0606
Q598;b0608
Q618;b0630
Q619;b0631
Q620;b0632
Q629;b0642
Q630;b0643
Q631;b0644
Q632;b0645
Q621;b0633
Q622;b0634
Q623;b0635
Q624;b0637
Q625;b0638
Q626;b0639
Q627;b0640
Q628;b0641
Q640;b0656
Q641;b0657
Q642;b0658
Q643;b0659
Q644;b0660
Q645;b0661
Q646;b0662
Q647;b0664
Q648;b0665
Q649;b0666
Q633;b0646
Q634;b0647
Q635;b0648
Q636;b0649
Q637;b0650
Q638;b0651
Q639;b0654
Q650;b0668
Q651;b0670
Q652;b0672
Q653;b0673
Q654;b0674
Q655;b0675
Q656;b0676
Q657;b0677
Q658;b0678
Q659;b0679
Q660;b0680
Q661;b0681
Q662;b0682
Q663;b0683
Q665;b0684
Q666;b0685
Q664;b4637
Q667;b0686
Q668;b0687
Q669;b0688
Q670;b0689
Q678;b0697
Q679;b0698
Q680;b0699
Q681;b4513
Q671;b0691
Q673;b0692
Q674;b0693
Q675;b0694
Q676;b0695
Q677;b0696
Q672;b4636
Q682;b0700
Q683;b0703
Q684;b0704
Q685;b0707
Q686;b0708
Q687;b0709
Q688;b0710
Q689;b0711
Q690;b0712
Q691;b0713
Q692;b0714
Q693;b0715
Q694;b0716
Q695;b0717
Q696;b0718
Q697;b0720
Q698;b0721
Q699;b0723
Q700;b0724
Q701;b0726
Q702;b0727
Q703;b0728
Q704;b0729
Q705;b0730
Q706;b0731
Q707;b0732
Q708;b0733
Q709;b0734
Q710;b0735
Q711;b0736
Q712;b0737
Q713;b0738
Q714;b0739
Q715;b0740
Q716;b0741
Q717;b0742
Q718;b0743
Q719;b0744
Q720;b0745
Q728;b0753
Q729;b0754
Q730;b0755
Q731;b0756
Q721;b0746
Q722;b0747
Q723;b0748
Q724;b0749
Q725;b0750
Q726;b0751
Q727;b0752
Q740;b0765
Q741;b0766
Q742;b0767
Q743;b0768
Q751;b0776
Q752;b0777
Q753;b0778
Q754;b0779
Q755;b0780
Q732;b0757
Q733;b0758
Q734;b0759
Q735;b0760
Q736;b0761
Q737;b0762
Q738;b0763
Q739;b0764
Q756;b0781
Q757;b0782
Q759;b0783
Q758;b0784
Q760;b0785
Q744;b0769
Q745;b0770
Q746;b0771
Q747;b0772
Q748;b0773
Q749;b0774
Q750;b0775
Q766;b0791
Q767;b0793
Q768;b0794
Q769;b0795
Q770;b0796
Q771;b0797
Q772;b0798
Q773;b0799
Q774;b0800
Q775;b0801
Q776;b0802
Q777;b0803
Q778;b0804
Q761;b0786
Q762;b0787
Q763;b0788
Q764;b0789
Q765;b0790
Q779;b0805
Q780;b0806
Q781;b0807
Q790;b4705
Q791;b0817
Q792;b0818
Q793;b0819
Q782;b0808
Q783;b0809
Q784;b0810
Q785;b0811
Q786;b0812
Q787;b0813
Q788;b0814
Q789;b0815
Q801;b0828
Q802;b0829
Q803;b0830
Q804;b0831
Q805;b0832
Q794;b0820
Q795;b0821
Q796;b0822
Q797;b0823
Q798;b0825
Q799;b0826
Q800;b0827
Q811;b0838
Q812;b0839
Q813;b0840
Q814;b0841
Q815;b0842
Q816;b0844
Q806;b0833
Q807;b0834
Q808;b0835
Q809;b0836
Q810;b0837
Q817;b0845
Q818;b0846
Q820;b0847
Q819;b4417
Q821;b0848
Q823;b0849
Q822;b0850
Q824;b0851
Q825;b0852
Q826;b0853
Q827;b0854
Q828;b0856
Q829;b0857
Q830;b0858
Q831;b0859
Q840;b0869
Q841;b0870
Q842;b0871
Q843;b0872
Q832;b0860
Q833;b0861
Q834;b0862
Q835;b0863
Q836;b0864
Q838;b0865
Q837;b0866
Q839;b0868
Q844;b0873
Q845;b0874
Q846;b0875
Q847;b0876
Q848;b0877
Q849;b0878
Q850;b0879
Q851;b0880
Q852;b0881
Q853;b0882
Q854;b0883
Q855;b0884
Q856;b0885
Q857;b0886
Q858;b0887
Q859;b0888
Q860;b0889
Q861;b0890
Q862;b0891
Q863;b0892
Q864;b0893
Q865;b0894
Q866;b0895
Q867;b0896
Q868;b0897
Q869;b0898
Q870;b0899
Q871;b0900
Q872;b0901
Q873;b0902
Q884;b0913
Q885;b0914
Q886;b0915
Q887;b0916
Q888;b0917
Q889;b0918
Q890;b0919
Q891;b0920
Q892;b0921
Q893;b0922
Q874;b0903
Q875;b0904
Q876;b0905
Q877;b0906
Q878;b0907
Q879;b0908
Q880;b0909
Q881;b0910
Q882;b0911
Q883;b0912
Q894;b0923
Q895;b0924
Q896;b0925
Q897;b0926
Q898;b0927
Q899;b0928
Q900;b0929
Q901;b0930
Q902;b0931
Q903;b0932
Q904;b0933
Q905;b0934
Q906;b0935
Q907;b0936
Q908;b0937
Q909;b0938
Q910;b0940
Q911;b0941
Q912;b0942
Q913;b0943
Q914;b0944
Q915;b0945
Q916;b0946
Q917;b0947
Q918;b0948
Q919;b0949
Q920;b0950
Q921;b0951
Q922;b0952
Q923;b0953
Q924;b0954
Q925;b0955
Q926;b0956
Q927;b0957
Q928;b0958
Q929;b0959
Q930;b0960
Q931;b0961
Q932;b0962
Q933;b0963
Q934;b0964
Q935;b0965
Q936;b0966
Q937;b0967
Q938;b0968
Q939;b0969
Q940;b0970
Q941;b0971
Q942;b0972
Q943;b0973
Q944;b0974
Q945;b0975
Q946;b0978
Q947;b0979
Q948;b0980
Q957;b0988
Q956;b4516
Q958;b0989
Q959;b0990
Q950;b0981
Q951;b0982
Q952;b0983
Q953;b0984
Q954;b0986
Q955;b0987
Q949;b4592
Q968;b0998
Q969;b0999
Q970;b1000
Q961;b0991
Q962;b0992
Q963;b0993
Q964;b0994
Q965;b0995
Q966;b0996
Q967;b0997
Q960;b4517
Q979;b1011
Q980;b1013
Q981;b1014
Q982;b1015
Q971;b1001
Q972;b1002
Q973;b1004
Q975;b1006
Q976;b1008
Q977;b1009
Q978;b1010
Q974;b4518
Q984;b1018
Q985;b1019
Q986;b1020
Q987;b1021
Q988;b1022
Q989;b1023
Q983;b4490
Q990;b1024
Q991;b1025
Q992;b1026
Q993;b1028
Q994;b1027
Q995;b1029
Q996;b1032
Q997;b1033
Q998;b1034
Q999;b1035
Q1005;b1042
Q1006;b1044
Q1007;b1045
Q1008;b1046
Q1009;b1047
Q1000;b1036
Q1001;b1037
Q1002;b1040
Q1003;b1041
Q1004;b1043
Q1017;b1057
Q1018;b1058
Q1019;b1059
Q1020;b1060
Q1010;b1048
Q1011;b1049
Q1012;b1050
Q1013;b1053
Q1014;b1054
Q1015;b1055
Q1016;b1056
Q1021;b1061
Q1022;b1062
Q1023;b1063
Q1024;b1064
Q1025;b1065
Q1026;b1066
Q1027;b1067
Q1028;b1068
Q1029;b1069
Q1030;b1070
Q1031;b1071
Q1032;b1072
Q1033;b1073
Q1034;b1074
Q1035;b1075
Q1036;b1076
Q1037;b1077
Q1038;b1079
Q1039;b1082
Q1040;b1083
Q1041;b1084
Q1042;b1085
Q1043;b1086
Q1050;b1092
Q1051;b1093
Q1052;b1094
Q1053;b1095
Q1044;b1087
Q1046;b1088
Q1047;b1089
Q1048;b1090
Q1049;b1091
Q1045;b4418
Q1062;b1106
Q1063;b1107
Q1064;b1108
Q1065;b1109
Q1054;b1096
Q1055;b1097
Q1056;b1098
Q1058;b1099
Q1057;b1100
Q1059;b1101
Q1060;b1102
Q1061;b1103
Q1066;b1110
Q1067;b1111
Q1068;b1112
Q1069;b1113
Q1070;b1114
Q1071;b1115
Q1072;b1116
Q1073;b1117
Q1074;b1118
Q1075;b1119
Q1076;b1120
Q1077;b1121
Q1078;b1122
Q1079;b1123
Q1080;b1124
Q1081;b1125
Q1082;b1126
Q1089;b1134
Q1090;b1135
Q1091;b1136
Q1092;b1137
Q1151;b1204
Q1152;b1205
Q1153;b1206
Q1154;b1207
Q1083;b1127
Q1084;b1129
Q1085;b1130
Q1086;b1131
Q1087;b1132
Q1088;b1133
Q1093;b1138
Q1094;b1139
Q1095;b1140
Q1096;b1141
Q1097;b1143
Q1098;b1144
Q1099;b1145
Q1100;b1146
Q1101;b1147
Q1102;b1148
Q1104;b1154
Q1103;b1155
Q1112;b1164
Q1113;b1165
Q1114;b1166
Q1115;b1167
Q1105;b1156
Q1106;b1157
Q1107;b1158
Q1109;b1161
Q1110;b1162
Q1111;b1163
Q1108;b4519
Q1124;b1174
Q1125;b1175
Q1126;b1176
Q1127;b1177
Q1123;b4521
Q1116;b1168
Q1119;b1171
Q1120;b1172
Q1118;b4491
Q1117;b4520
Q1121;b4593
Q1122;b4594
Q1128;b1178
Q1129;b1179
Q1130;b1181
Q1131;b1182
Q1132;b1183
Q1139;b1191
Q1140;b1192
Q1141;b1193
Q1142;b1194
Q1133;b1184
Q1134;b1185
Q1135;b1186
Q1136;b1187
Q1137;b1188
Q1138;b1189
Q1143;b1195
Q1144;b1196
Q1145;b1197
Q1146;b1198
Q1147;b1200
Q1148;b1201
Q1149;b1202
Q1150;b1203
Q1155;b1208
Q1156;b1209
Q1157;b1210
Q1158;b1213
Q1159;b1214
Q1160;b1215
Q1161;b4419
Q1162;b4420
Q1163;b4421
Q1164;b4422
Q1165;b4423
Q1166;b4424
Q1172;b1221
Q1173;b1222
Q1174;b1223
Q1175;b1224
Q1176;b1225
Q1177;b1227
Q1179;b1229
Q1180;b1230
Q1181;b1231
Q1178;b4425
Q1167;b1216
Q1168;b1217
Q1169;b1218
Q1170;b1219
Q1171;b1220
Q1190;b1241
Q1191;b1242
Q1189;b4573
Q1192;b1243
Q1182;b1232
Q1183;b1233
Q1184;b1234
Q1185;b1235
Q1186;b1236
Q1187;b1237
Q1188;b1238
Q1193;b1244
Q1195;b1246
Q1194;b1247
Q1196;b1248
Q1197;b1249
Q1199;b1250
Q1198;b4595
Q1210;b1261
Q1211;b1262
Q1212;b1263
Q1213;b1264
Q1215;b1265
Q1214;b1266
Q1217;b1267
Q1216;b1268
Q1218;b1269
Q1219;b1270
Q1207;b1258
Q1208;b1259
Q1209;b1260
Q1220;b1271
Q1200;b1251
Q1201;b1252
Q1202;b1253
Q1203;b1254
Q1204;b1255
Q1205;b1256
Q1206;b1257
Q1221;b1272
Q1222;b1273
Q1223;b1274
Q1224;b1275
Q1227;b1276
Q1228;b1277
Q1225;b4522
Q1226;b4523
Q1229;b1278
Q1230;b1279
Q1231;b1280
Q1232;b1281
Q1240;b1288
Q1241;b1289
Q1242;b1290
Q1243;b1291
Q1233;b1283
Q1234;b1284
Q1236;b1285
Q1238;b1286
Q1239;b1287
Q1235;b4596
Q1237;b4672
Q1244;b1292
Q1245;b1293
Q1246;b1294
Q1247;b1295
Q1248;b1296
Q1249;b1297
Q1250;b1298
Q1251;b1299
Q1252;b1300
Q1253;b1302
Q1254;b1303
Q1255;b1304
Q1256;b1305
Q1257;b1308
Q1258;b1309
Q1259;b1314
Q1268;b1323
Q1269;b1324
Q1270;b1325
Q1271;b1326
Q1273;b1327
Q1274;b1328
Q1275;b1329
Q1276;b1330
Q1277;b1331
Q1272;b4525
Q1260;b1315
Q1261;b1316
Q1262;b1317
Q1264;b1319
Q1265;b1320
Q1266;b1321
Q1267;b1322
Q1263;b4524
Q1278;b1332
Q1279;b1333
Q1280;b1334
Q1281;b1335
Q1282;b1336
Q1283;b1337
Q1288;b1341
Q1289;b1342
Q1291;b1343
Q1292;b1344
Q1293;b1345
Q1294;b1346
Q1290;b4699
Q1284;b1338
Q1285;b1339
Q1287;b1340
Q1286;b4426
Q1295;b1347
Q1296;b1348
Q1297;b1349
Q1298;b1350
Q1306;b1359
Q1307;b1360
Q1308;b1362
Q1309;b1363
Q1299;b1351
Q1300;b1352
Q1301;b1353
Q1302;b1355
Q1303;b1356
Q1304;b1357
Q1305;b1358
Q1310;b1365
Q1311;b1366
Q1312;b1368
Q1315;b1370
Q1316;b1372
Q1313;b4570
Q1318;b1373
Q1317;b1374
Q1320;b1376
Q1321;b1377
Q1323;b1378
Q1322;b4427
Q1319;b4638
Q1325;b1379
Q1326;b1381
Q1324;b4529
Q1336;b1388
Q1335;b1389
Q1337;b1391
Q1338;b1393
Q1327;b1380
Q1329;b1382
Q1328;b1383
Q1330;b1384
Q1331;b1385
Q1332;b1386
Q1333;b1387
Q1334;b1390
Q1348;b1404
Q1350;b1406
Q1351;b1407
Q1352;b1409
Q1339;b1397
Q1340;b1398
Q1341;b1399
Q1342;b1400
Q1345;b1402
Q1346;b1403
Q1344;b4492
Q1343;b4674
Q1353;b1408
Q1354;b1410
Q1355;b1411
Q1356;b1412
Q1357;b1413
Q1358;b1414
Q1359;b1415
Q1361;b1418
Q1363;b1419
Q1360;b4493
Q1362;b4597
Q1365;b1420
Q1367;b1421
Q1368;b1422
Q1364;b4428
Q1366;b4429
Q1369;b1423
Q1370;b1424
Q1371;b1426
Q1372;b1427
Q1373;b1428
Q1374;b1429
Q1375;b1430
Q1376;b1431
Q1378;b1432
Q1379;b1433
Q1380;b1434
Q1377;b4578
Q1381;b1435
Q1382;b1436
Q1385;b1438
Q1384;b1439
Q1383;b4532
Q1392;b1447
Q1393;b1448
Q1394;b1449
Q1395;b1450
Q1386;b1440
Q1387;b1442
Q1388;b1444
Q1390;b1445
Q1391;b1446
Q1389;b4598
Q1415;b1474
Q1416;b1475
Q1417;b1476
Q1418;b1477
Q1403;b1459
Q1404;b1461
Q1405;b1462
Q1406;b1463
Q1407;b1464
Q1408;b1465
Q1409;b1467
Q1410;b1468
Q1411;b1469
Q1412;b1471
Q1413;b1472
Q1414;b1473
Q1396;b1451
Q1397;b1452
Q1398;b1453
Q1399;b1454
Q1400;b1455
Q1401;b1456
Q1402;b1457
Q1419;b1478
Q1420;b1479
Q1421;b1480
Q1422;b1481
Q1423;b1482
Q1424;b1484
Q1425;b1485
Q1426;b1486
Q1427;b1487
Q1428;b1488
Q1429;b1489
Q1430;b1490
Q1431;b1491
Q1432;b1492
Q1433;b1493
Q1434;b1494
Q1435;b1495
Q1442;b1503
Q1443;b1504
Q1444;b1505
Q1445;b1508
Q1436;b1496
Q1437;b1497
Q1438;b1498
Q1439;b1499
Q1440;b1501
Q1441;b1502
Q1453;b1516
Q1454;b1517
Q1455;b1518
Q1456;b1519
Q1457;b1520
Q1446;b1507
Q1448;b1511
Q1449;b1512
Q1450;b1513
Q1451;b1514
Q1452;b1515
Q1447;b4696
Q1465;b1528
Q1466;b1529
Q1467;b1530
Q1468;b1531
Q1458;b1521
Q1459;b1522
Q1460;b1523
Q1461;b1524
Q1462;b1525
Q1463;b1526
Q1464;b1527
Q1469;b1532
Q1470;b1533
Q1471;b1534
Q1473;b1535
Q1474;b1537
Q1475;b1538
Q1472;b4698
Q1481;b1545
Q1482;b1546
Q1483;b1547
Q1484;b1548
Q1485;b1549
Q1480;b4600
Q1492;b1554
Q1493;b1555
Q1494;b1557
Q1495;b1558
Q1476;b1539
Q1477;b1540
Q1478;b1541
Q1479;b1542
Q1487;b1550
Q1488;b1551
Q1489;b1552
Q1490;b1553
Q1486;b4533
Q1491;b4689
Q1504;b1568
Q1505;b1569
Q1506;b1570
Q1507;b1571
Q1496;b1559
Q1497;b1560
Q1498;b1561
Q1499;b1563
Q1500;b1564
Q1501;b1565
Q1502;b1566
Q1503;b1567
Q1508;b1572
Q1509;b1573
Q1510;b1574
Q1511;b1575
Q1513;b1577
Q1512;b1578
Q1514;b1579
Q1516;b1580
Q1517;b1581
Q1518;b1582
Q1519;b1583
Q1520;b1584
Q1521;b1585
Q1522;b1586
Q1523;b1587
Q1524;b1588
Q1525;b1589
Q1532;b1596
Q1533;b1597
Q1535;b1598
Q1534;b4601
Q1536;b1600
Q1537;b1601
Q1538;b1602
Q1539;b1603
Q1540;b1604
Q1541;b1605
Q1542;b1606
Q1543;b1607
Q1544;b1608
Q1545;b1609
Q1546;b1610
Q1526;b1590
Q1527;b1591
Q1528;b1592
Q1529;b1593
Q1530;b1594
Q1531;b1595
Q1547;b1611
Q1548;b1612
Q1549;b1613
Q1550;b1614
Q1551;b1616
Q1552;b1617
Q1561;b1625
Q1562;b1626
Q1560;b4409
Q1563;b1627
Q1553;b1618
Q1554;b1619
Q1555;b1620
Q1556;b1621
Q1557;b1622
Q1558;b1623
Q1559;b1624
Q1571;b1636
Q1572;b1637
Q1573;b1638
Q1574;b1639
Q1575;b1640
Q1564;b1628
Q1565;b1629
Q1566;b1630
Q1567;b1632
Q1568;b1633
Q1569;b1634
Q1570;b1635
Q1576;b1641
Q1577;b1642
Q1578;b1643
Q1579;b1644
Q1580;b1645
Q1581;b1646
Q1582;b1647
Q1583;b1648
Q1584;b1649
Q1585;b1650
Q1586;b1651
Q1587;b1652
Q1588;b1653
Q1589;b1654
Q1590;b1655
Q1591;b1656
Q1592;b1657
Q1593;b1658
Q1595;b1659
Q1596;b1660
Q1597;b1661
Q1598;b1663
Q1594;b4602
Q1599;b1662
Q1600;b1664
Q1601;b1665
Q1602;b1666
Q1603;b1667
Q1604;b1668
Q1605;b1669
Q1606;b1670
Q1607;b1671
Q1608;b1672
Q1609;b1673
Q1610;b1674
Q1611;b1675
Q1612;b1676
Q1613;b1677
Q1622;b1685
Q1623;b1686
Q1624;b1687
Q1625;b1688
Q1614;b1678
Q1615;b1679
Q1616;b1680
Q1617;b1681
Q1618;b1682
Q1619;b1683
Q1620;b1684
Q1621;b4430
Q1627;b1689
Q1628;b1690
Q1629;b1691
Q1630;b1692
Q1631;b1693
Q1626;b4431
Q1637;b1699
Q1638;b1701
Q1639;b1702
Q1640;b1703
Q1641;b1704
Q1632;b1694
Q1633;b1695
Q1634;b1696
Q1635;b1697
Q1636;b1698
Q1642;b1705
Q1643;b1706
Q1644;b1707
Q1645;b1708
Q1646;b1709
Q1647;b1710
Q1648;b1711
Q1660;b1725
Q1661;b1726
Q1662;b1727
Q1663;b1728
Q1649;b1712
Q1650;b1713
Q1651;b1715
Q1652;b1717
Q1653;b1718
Q1654;b1719
Q1657;b1722
Q1658;b1723
Q1659;b1724
Q1655;b4494
Q1656;b4535
Q1669;b1734
Q1670;b1735
Q1671;b1736
Q1672;b1737
Q1673;b1738
Q1674;b1739
Q1675;b1740
Q1676;b1741
Q1677;b1742
Q1664;b1729
Q1665;b1730
Q1666;b1731
Q1667;b1732
Q1668;b1733
Q1688;b1755
Q1689;b1757
Q1690;b1758
Q1691;b1759
Q1692;b1760
Q1678;b1743
Q1679;b1744
Q1680;b1746
Q1693;b1761
Q1694;b1762
Q1695;b1763
Q1696;b1764
Q1697;b1765
Q1698;b1766
Q1681;b1747
Q1682;b1748
Q1683;b1749
Q1684;b1750
Q1686;b1752
Q1685;b1753
Q1687;b1756
Q1699;b1767
Q1700;b1768
Q1701;b1769
Q1702;b1770
Q1703;b1771
Q1716;b1788
Q1717;b1789
Q1718;b1790
Q1719;b1791
Q1720;b1792
Q1704;b1772
Q1705;b1775
Q1706;b1777
Q1707;b1778
Q1708;b1779
Q1709;b1780
Q1710;b1781
Q1711;b1782
Q1712;b1783
Q1713;b1784
Q1714;b1785
Q1715;b1786
Q1722;b1793
Q1721;b1794
Q1725;b1795
Q1723;b4675
Q1724;b4676
Q1726;b1798
Q1727;b1799
Q1728;b1800
Q1729;b1801
Q1730;b1803
Q1731;b1804
Q1732;b1805
Q1733;b1806
Q1734;b1807
Q1735;b1808
Q1736;b1809
Q1737;b1810
Q1739;b1811
Q1738;b1812
Q1740;b1813
Q1741;b1814
Q1742;b1815
Q1743;b1816
Q1744;b1817
Q1745;b1818
Q1746;b1819
Q1747;b1820
Q1748;b1821
Q1749;b1822
Q1750;b1823
Q1751;b1824
Q1752;b1825
Q1753;b1826
Q1759;b1831
Q1760;b1832
Q1761;b1833
Q1762;b1834
Q1763;b1835
Q1755;b1827
Q1756;b1828
Q1757;b1829
Q1758;b1830
Q1754;b4536
Q1764;b1836
Q1765;b1837
Q1766;b1838
Q1769;b1839
Q1770;b1840
Q1771;b1841
Q1767;b4432
Q1768;b4433
Q1772;b1842
Q1773;b1843
Q1774;b1844
Q1775;b1845
Q1776;b1846
Q1777;b1847
Q1778;b1848
Q1779;b1849
Q1780;b1850
Q1781;b1851
Q1793;b1862
Q1794;b1863
Q1795;b1864
Q1796;b1866
Q1787;b1857
Q1788;b1858
Q1789;b1859
Q1790;b1860
Q1791;b1861
Q1792;b4677
Q1782;b1852
Q1783;b1853
Q1784;b1854
Q1785;b1855
Q1786;b1856
Q1804;b1874
Q1805;b1875
Q1806;b1876
Q1807;b1877
Q1808;b1879
Q1797;b1867
Q1798;b1868
Q1799;b1869
Q1800;b1870
Q1801;b1871
Q1802;b1872
Q1803;b1873
Q1815;b1890
Q1816;b1891
Q1817;b1892
Q1818;b1893
Q1809;b1880
Q1810;b1884
Q1811;b1885
Q1812;b1886
Q1813;b1888
Q1814;b1889
Q1827;b4537
Q1828;b4663
Q1829;b1904
Q1830;b1905
Q1819;b1894
Q1820;b1895
Q1821;b1896
Q1822;b1897
Q1824;b1900
Q1825;b1901
Q1826;b1902
Q1823;b4460
Q1838;b1914
Q1839;b1916
Q1840;b1917
Q1841;b1918
Q1831;b1906
Q1832;b1907
Q1833;b1908
Q1834;b1909
Q1835;b1911
Q1836;b1912
Q1837;b1913
Q1850;b1927
Q1851;b1928
Q1852;b1929
Q1853;b1930
Q1842;b1919
Q1843;b1920
Q1844;b1921
Q1845;b1922
Q1846;b1923
Q1847;b1924
Q1848;b1925
Q1849;b1926
Q1854;b1931
Q1855;b1932
Q1857;b1936
Q1858;b1938
Q1859;b1944
Q1856;b4495
Q1870;b1959
Q1871;b1960
Q1872;b1961
Q1873;b1962
Q1874;b1963
Q1875;b4603
Q1860;b1945
Q1861;b1950
Q1862;b1951
Q1863;b1952
Q1864;b1953
Q1865;b1954
Q1866;b1955
Q1867;b1956
Q1868;b1957
Q1869;b1958
Q1877;b1967
Q1878;b1968
Q1879;b1969
Q1880;b1970
Q1881;b1971
Q1876;b4496
Q1882;b1972
Q1883;b1973
Q1884;b1974
Q1885;b1975
Q1886;b1976
Q1887;b1977
Q1888;b1978
Q1890;b1981
Q1891;b1982
Q1889;b4497
Q1899;b1990
Q1900;b1991
Q1901;b1992
Q1902;b1993
Q1892;b1983
Q1893;b1984
Q1894;b1985
Q1895;b1986
Q1896;b1987
Q1897;b1988
Q1898;b1989
Q1903;b1994
Q1907;b1996
Q1908;b1997
Q1910;b1999
Q1906;b4582
Q1904;b4640
Q1905;b4641
Q1911;b2000
Q1913;b2001
Q1914;b2004
Q1912;b4435
Q1915;b2005
Q1916;b2006
Q1918;b2007
Q1919;b2008
Q1920;b2009
Q1921;b2010
Q1922;b2011
Q1917;b4642
Q1923;b2013
Q1924;b2014
Q1925;b4678
Q1934;b2022
Q1935;b2025
Q1936;b2026
Q1937;b2027
Q1926;b2015
Q1927;b2016
Q1929;b2017
Q1930;b2018
Q1931;b2019
Q1932;b2020
Q1933;b2021
Q1928;b4539
Q1946;b2035
Q1947;b2036
Q1948;b2037
Q1949;b2038
Q1938;b2028
Q1939;b2029
Q1941;b2030
Q1943;b2032
Q1944;b2033
Q1945;b2034
Q1940;b4571
Q1950;b2039
Q1951;b2040
Q1952;b2041
Q1953;b2042
Q1954;b2043
Q1955;b2044
Q1961;b2050
Q1962;b2051
Q1963;b2052
Q1964;b2053
Q1965;b2054
Q1956;b2045
Q1957;b2046
Q1958;b2047
Q1959;b2048
Q1960;b2049
Q1966;b2056
Q1967;b2057
Q1968;b2060
Q1969;b2061
Q1970;b2063
Q1971;b2064
Q1972;b2065
Q1973;b2066
Q1974;b2067
Q1975;b2068
Q1976;b2069
Q1984;b2075
Q1985;b2076
Q1986;b2077
Q1987;b2078
Q1996;b4498
Q1997;b2088
Q1998;b2089
Q2000;b2091
Q1977;b2070
Q1979;b2073
Q1983;b2074
Q1978;b4436
Q1981;b4437
Q1980;b4667
Q1982;b4668
Q2008;b2100
Q2009;b2101
Q2010;b2102
Q2011;b2103
Q2012;b2104
Q1988;b2079
Q1989;b2080
Q1990;b2081
Q1992;b2082
Q1993;b2083
Q1994;b2085
Q1995;b2086
Q1991;b4438
Q2001;b2092
Q2002;b2093
Q2003;b2094
Q2004;b2096
Q2005;b2097
Q2006;b2098
Q2007;b2099
Q2013;b2105
Q2014;b2106
Q2015;b2107
Q2016;b2108
Q2017;b2109
Q2023;b2118
Q2025;b2119
Q2026;b2120
Q2027;b2121
Q2024;b4541
Q2018;b2111
Q2019;b2112
Q2020;b2113
Q2021;b2114
Q2022;b4499
Q2035;b2128
Q2036;b2129
Q2037;b2130
Q2038;b2131
Q2028;b2122
Q2029;b2123
Q2030;b2124
Q2031;b2125
Q2032;b2126
Q2033;b2127
Q2034;b4542
Q2047;b2140
Q2048;b2141
Q2049;b2142
Q2050;b2143
Q2039;b2132
Q2040;b2133
Q2041;b2134
Q2042;b2135
Q2043;b2136
Q2044;b2137
Q2045;b2139
Q2046;b4679
Q2051;b2144
Q2052;b2146
Q2053;b2147
Q2054;b2148
Q2055;b2149
Q2056;b2150
Q2057;b2151
Q2058;b2152
Q2059;b2153
Q2060;b2154
Q2061;b2155
Q2062;b2156
Q2063;b2157
Q2064;b2158
Q2065;b2159
Q2066;b2160
Q2067;b2161
Q2073;b2167
Q2074;b2168
Q2075;b2169
Q2076;b2170
Q2078;b2171
Q2079;b2172
Q2077;b4502
Q2068;b2162
Q2069;b2163
Q2070;b2164
Q2071;b2165
Q2072;b2166
Q2080;b2173
Q2081;b2174
Q2082;b2175
Q2083;b2176
Q2084;b2177
Q2085;b2178
Q2086;b2179
Q2087;b2180
Q2088;b2181
Q2089;b2182
Q2090;b2183
Q2091;b2184
Q2092;b2185
Q2093;b2186
Q2094;b2187
Q2095;b2188
Q2096;b2189
Q2097;b2190
Q2098;b2192
Q2099;b2193
Q2101;b2194
Q2102;b2197
Q2103;b2200
Q2104;b2201
Q2105;b2202
Q2106;b2204
Q2115;b2213
Q2116;b2214
Q2117;b2215
Q2118;b4439
Q2107;b2205
Q2108;b2206
Q2109;b2208
Q2111;b2209
Q2112;b2210
Q2113;b2211
Q2114;b2212
Q2110;b4604
Q2119;b2216
Q2120;b2217
Q2121;b2218
Q2122;b2219
Q2123;b2220
Q2124;b2221
Q2125;b2222
Q2126;b2224
Q2127;b2225
Q2128;b2226
Q2129;b4500
Q2140;b2241
Q2141;b2242
Q2142;b2243
Q2143;b2244
Q2145;b2245
Q2144;b4543
Q2146;b2247
Q2147;b2248
Q2148;b2249
Q2149;b2250
Q2130;b2230
Q2131;b2231
Q2132;b2232
Q2133;b2233
Q2134;b2234
Q2135;b2235
Q2136;b2236
Q2137;b2237
Q2138;b2239
Q2139;b2240
Q2150;b2251
Q2159;b2259
Q2160;b2260
Q2161;b2262
Q2162;b2263
Q2151;b2252
Q2152;b2253
Q2153;b2254
Q2154;b2255
Q2155;b2256
Q2156;b2257
Q2158;b2258
Q2157;b4544
Q2163;b2264
Q2164;b2265
Q2165;b2267
Q2166;b2268
Q2167;b2269
Q2168;b2270
Q2169;b2271
Q2170;b2274
Q2171;b2275
Q2172;b2276
Q2173;b2278
Q2174;b2279
Q2175;b2280
Q2176;b2281
Q2177;b2285
Q2178;b2286
Q2179;b2287
Q2180;b2288
Q2181;b2289
Q2182;b2290
Q2183;b2291
Q2184;b2292
Q2185;b2293
Q2186;b2294
Q2187;b2295
Q2188;b2296
Q2189;b2297
Q2190;b2298
Q2208;b2316
Q2209;b2317
Q2210;b2318
Q2211;b2319
Q2191;b2299
Q2192;b2300
Q2193;b2301
Q2194;b2302
Q2195;b2303
Q2196;b2304
Q2197;b2305
Q2204;b2312
Q2205;b2313
Q2206;b2314
Q2207;b2315
Q2198;b2306
Q2199;b2307
Q2200;b2308
Q2201;b2309
Q2202;b2310
Q2203;b2311
Q2220;b2328
Q2221;b2329
Q2222;b2330
Q2223;b2331
Q2212;b2320
Q2213;b2321
Q2214;b2322
Q2215;b2323
Q2216;b2324
Q2217;b2325
Q2218;b2326
Q2219;b2327
Q2224;b2332
Q2225;b2333
Q2227;b2339
Q2228;b2340
Q2229;b2341
Q2230;b2342
Q2231;b2343
Q2226;b4661
Q2232;b2344
Q2233;b2345
Q2234;b2346
Q2242;b2354
Q2244;b2358
Q2243;b2359
Q2245;b2360
Q2246;b2361
Q2235;b2347
Q2236;b2348
Q2237;b2349
Q2238;b2350
Q2239;b2351
Q2240;b2352
Q2241;b2353
Q2247;b2362
Q2248;b2363
Q2250;b4501
Q2249;b4545
Q2251;b4643
Q2252;b2364
Q2253;b2365
Q2254;b2366
Q2255;b2367
Q2256;b2368
Q2264;b2378
Q2266;b2379
Q2265;b4680
Q2277;b2390
Q2257;b2369
Q2258;b2370
Q2259;b2371
Q2260;b2372
Q2261;b2373
Q2262;b2374
Q2263;b2377
Q2278;b2392
Q2279;b2393
Q2280;b2394
Q2281;b2395
Q2282;b2396
Q2283;b2397
Q2284;b2398
Q2285;b2399
Q2286;b2400
Q2267;b2380
Q2268;b2381
Q2269;b2382
Q2287;b2401
Q2288;b2402
Q2289;b2403
Q2290;b2404
Q2270;b2383
Q2271;b2384
Q2272;b2385
Q2273;b2386
Q2274;b2387
Q2275;b2388
Q2276;b2389
Q2297;b2411
Q2298;b2412
Q2299;b2413
Q2300;b2414
Q2301;b2415
Q2291;b2405
Q2292;b2406
Q2293;b2408
Q2294;b2409
Q2295;b2410
Q2296;b4546
Q2312;b2427
Q2313;b2428
Q2314;b2429
Q2315;b2430
Q2316;b2431
Q2317;b2432
Q2318;b2433
Q2319;b2434
Q2302;b2416
Q2303;b2417
Q2304;b2418
Q2305;b2419
Q2306;b2420
Q2307;b2421
Q2308;b2422
Q2309;b2423
Q2310;b2425
Q2311;b2426
Q2320;b2435
Q2321;b2436
Q2322;b2437
Q2323;b2438
Q2331;b2447
Q2332;b2449
Q2333;b2450
Q2334;b2451
Q2324;b2439
Q2325;b2440
Q2326;b2441
Q2327;b2442
Q2328;b2443
Q2329;b2444
Q2330;b2445
Q2335;b2452
Q2336;b2455
Q2337;b2456
Q2338;b2457
Q2339;b2458
Q2340;b2459
Q2341;b2460
Q2342;b2461
Q2343;b2462
Q2344;b2463
Q2345;b2464
Q2353;b2471
Q2354;b2472
Q2355;b4547
Q2356;b2473
Q2346;b2465
Q2347;b2466
Q2348;b2467
Q2349;b2468
Q2350;b2469
Q2351;b2470
Q2352;b4606
Q2364;b2481
Q2365;b2482
Q2366;b2483
Q2367;b2484
Q2357;b2474
Q2358;b2475
Q2359;b2476
Q2360;b2477
Q2361;b2478
Q2362;b2479
Q2363;b2480
Q2376;b2493
Q2377;b2494
Q2378;b2495
Q2379;b2496
Q2368;b2485
Q2369;b2486
Q2370;b2487
Q2371;b2488
Q2372;b2489
Q2373;b2490
Q2374;b2491
Q2375;b2492
Q2386;b2503
Q2387;b2504
Q2388;b2505
Q2389;b2506
Q2380;b2497
Q2381;b2498
Q2382;b2499
Q2383;b2500
Q2384;b2501
Q2385;b2502
Q2390;b2507
Q2391;b2508
Q2392;b2509
Q2393;b2510
Q2394;b2511
Q2395;b2512
Q2396;b2513
Q2397;b2514
Q2398;b2515
Q2399;b2516
Q2400;b2517
Q2401;b2518
Q2402;b2519
Q2403;b2520
Q2404;b2521
Q2406;b2523
Q2407;b2525
Q2408;b2526
Q2405;b4440
Q2409;b2527
Q2410;b2528
Q2411;b2529
Q2412;b2530
Q2413;b2531
Q2414;b2532
Q2415;b2533
Q2416;b2534
Q2417;b2535
Q2418;b2536
Q2419;b2537
Q2421;b2538
Q2422;b2539
Q2423;b2540
Q2424;b2541
Q2420;b4706
Q2425;b2542
Q2426;b2543
Q2427;b2544
Q2428;b2545
Q2429;b2546
Q2430;b2547
Q2431;b2548
Q2432;b2549
Q2433;b2550
Q2434;b2551
Q2441;b2557
Q2442;b2558
Q2443;b2559
Q2444;b2560
Q2445;b2561
Q2435;b2552
Q2436;b2553
Q2437;b2554
Q2438;b2555
Q2439;b2556
Q2440;b4441
Q2465;b2580
Q2466;b2581
Q2467;b2582
Q2468;b2583
Q2453;b2568
Q2454;b2569
Q2455;b2570
Q2456;b2571
Q2446;b2562
Q2449;b2563
Q2450;b2564
Q2451;b2565
Q2452;b2567
Q2448;b4608
Q2447;b4687
Q2475;b2590
Q2476;b2591
Q2477;b2592
Q2478;b4609
Q2469;b2584
Q2470;b2585
Q2471;b2586
Q2472;b2587
Q2473;b2588
Q2474;b2589
Q2479;b2593
Q2480;b2594
Q2481;b2595
Q2482;b2597
Q2483;b2598
Q2484;b2599
Q2485;b2600
Q2486;b2601
Q2487;b2602
Q2488;b2603
Q2489;b2604
Q2490;b2605
Q2457;b2572
Q2458;b2573
Q2459;b2574
Q2460;b2575
Q2461;b2576
Q2462;b2577
Q2463;b2578
Q2464;b2579
Q2499;b2614
Q2498;b2615
Q2500;b2616
Q2501;b2617
Q2502;b2619
Q2503;b2620
Q2504;b2621
Q2505;b2622
Q2506;b2623
Q2507;b2624
Q2508;b2625
Q2509;b2626
Q2510;b2627
Q2511;b2628
Q2512;b2629
Q2513;b2630
Q2514;b2631
Q2515;b2632
Q2516;b2633
Q2517;b2634
Q2491;b2606
Q2492;b2607
Q2493;b2608
Q2494;b2609
Q2495;b2610
Q2496;b2611
Q2497;b4461
Q2524;b2643
Q2525;b2644
Q2526;b2645
Q2528;b2647
Q2527;b4645
Q2518;b2635
Q2519;b2636
Q2520;b2638
Q2521;b2641
Q2522;b2642
Q2523;b4644
Q2536;b2663
Q2537;b2664
Q2538;b2665
Q2539;b2666
Q2529;b2648
Q2530;b2650
Q2531;b2652
Q2533;b2659
Q2534;b2660
Q2535;b2662
Q2532;b4462
Q2548;b2676
Q2549;b2677
Q2550;b2678
Q2551;b2679
Q2540;b2667
Q2541;b2668
Q2542;b2669
Q2543;b2670
Q2544;b2671
Q2545;b2672
Q2546;b2673
Q2547;b2675
Q2560;b2688
Q2561;b2689
Q2559;b4442
Q2552;b2681
Q2553;b2682
Q2555;b2683
Q2554;b2684
Q2556;b2685
Q2557;b2686
Q2558;b2687
Q2562;b2690
Q2563;b2691
Q2564;b2692
Q2565;b2693
Q2566;b2694
Q2567;b2695
Q2568;b2696
Q2569;b2697
Q2570;b2698
Q2571;b2699
Q2572;b2700
Q2573;b2701
Q2585;b2714
Q2586;b2715
Q2587;b2716
Q2588;b2717
Q2589;b2718
Q2590;b2719
Q2591;b2721
Q2581;b2710
Q2582;b2711
Q2583;b2712
Q2584;b2713
Q2574;b2702
Q2575;b2703
Q2576;b2705
Q2577;b2706
Q2578;b2707
Q2579;b2708
Q2580;b2709
Q2593;b2726
Q2592;b2727
Q2594;b2729
Q2595;b2730
Q2596;b2731
Q2597;b2732
Q2598;b2733
Q2599;b2734
Q2600;b2735
Q2601;b2736
Q2602;b2737
Q2603;b2738
Q2604;b2739
Q2605;b2740
Q2606;b2741
Q2607;b2742
Q2608;b2743
Q2609;b2744
Q2610;b2745
Q2611;b2746
Q2612;b2747
Q2613;b2748
Q2614;b2749
Q2615;b2750
Q2616;b2751
Q2617;b2752
Q2626;b2762
Q2627;b2763
Q2628;b2764
Q2629;b2765
Q2618;b2753
Q2619;b2755
Q2620;b2756
Q2621;b2757
Q2622;b2758
Q2623;b2760
Q2624;b2761
Q2625;b4701
Q2630;b2766
Q2631;b2767
Q2632;b2768
Q2633;b2769
Q2634;b2770
Q2635;b2771
Q2637;b2774
Q2638;b2775
Q2639;b2776
Q2640;b2777
Q2641;b2778
Q2636;b4463
Q2642;b2779
Q2643;b2780
Q2644;b2781
Q2645;b2782
Q2646;b2783
Q2647;b2784
Q2648;b2785
Q2649;b2786
Q2650;b2787
Q2660;b2796
Q2671;b2807
Q2672;b2808
Q2673;b4443
Q2668;b2804
Q2669;b2805
Q2670;b2806
Q2651;b2788
Q2652;b2789
Q2661;b2797
Q2662;b2798
Q2663;b2799
Q2664;b2800
Q2665;b2801
Q2666;b2802
Q2667;b2803
Q2653;b2790
Q2654;b2791
Q2655;b2792
Q2657;b2793
Q2658;b2794
Q2659;b2795
Q2656;b4408
Q2674;b2809
Q2675;b2810
Q2676;b2811
Q2677;b2812
Q2678;b2813
Q2679;b2814
Q2680;b2815
Q2681;b2816
Q2682;b2817
Q2683;b2818
Q2684;b2819
Q2685;b2820
Q2686;b2821
Q2687;b2822
Q2688;b2823
Q2689;b2824
Q2690;b2825
Q2691;b2826
Q2692;b2827
Q2693;b2828
Q2694;b2829
Q2695;b2830
Q2696;b2831
Q2707;b2840
Q2708;b2841
Q2709;b2842
Q2710;b2843
Q2711;b2844
Q2712;b2845
Q2713;b2846
Q2714;b2847
Q2715;b2848
Q2716;b4683
Q2705;b2838
Q2706;b2839
Q2727;b2861
Q2728;b2863
Q2729;b2864
Q2717;b2849
Q2718;b2850
Q2719;b2851
Q2720;b2852
Q2721;b2853
Q2722;b2854
Q2723;b2856
Q2724;b2858
Q2725;b2859
Q2726;b2860
Q2697;b2832
Q2730;b2865
Q2731;b2866
Q2732;b2867
Q2733;b2868
Q2734;b2869
Q2735;b2870
Q2736;b2871
Q2698;b2833
Q2699;b2834
Q2700;b2835
Q2701;b2836
Q2704;b2837
Q2702;b4444
Q2703;b4445
Q2740;b2875
Q2741;b2876
Q2752;b2888
Q2753;b2889
Q2755;b2890
Q2756;b2891
Q2754;b4684
Q2737;b2872
Q2738;b2873
Q2739;b2874
Q2757;b2892
Q2758;b2893
Q2759;b2894
Q2760;b2895
Q2761;b2896
Q2762;b2897
Q2763;b2898
Q2764;b2899
Q2765;b2900
Q2766;b2901
Q2767;b2902
Q2768;b2903
Q2769;b2904
Q2770;b2905
Q2771;b2908
Q2742;b2877
Q2743;b2878
Q2744;b2879
Q2745;b2880
Q2746;b2881
Q2747;b2882
Q2748;b2883
Q2749;b4464
Q2750;b2886
Q2751;b2887
Q2772;b2909
Q2773;b2910
Q2785;b2920
Q2806;b2945
Q2807;b2946
Q2808;b2947
Q2809;b2948
Q2810;b2949
Q2811;b2950
Q2774;b2911
Q2775;b2912
Q2778;b2913
Q2779;b2914
Q2780;b2915
Q2781;b2916
Q2776;b4446
Q2777;b4665
Q2782;b2917
Q2783;b2918
Q2784;b2919
Q2796;b2934
Q2797;b2935
Q2798;b2936
Q2799;b2937
Q2800;b2938
Q2801;b2939
Q2802;b2940
Q2812;b2951
Q2813;b2952
Q2815;b2953
Q2814;b2954
Q2803;b2942
Q2804;b2943
Q2805;b2944
Q2786;b2921
Q2787;b2922
Q2788;b2923
Q2789;b2924
Q2790;b2925
Q2791;b2926
Q2792;b2927
Q2793;b2928
Q2794;b2929
Q2795;b2930
Q2816;b2955
Q2817;b2956
Q2818;b2957
Q2819;b2958
Q2820;b2959
Q2821;b2960
Q2822;b2961
Q2823;b2962
Q2824;b2963
Q2825;b2964
Q2826;b2965
Q2827;b2966
Q2828;b2967
Q2829;b2968
Q2830;b2969
Q2831;b2971
Q2832;b2972
Q2834;b2975
Q2835;b2976
Q2833;b4466
Q2836;b2977
Q2839;b2979
Q2840;b2980
Q2837;b4467
Q2838;b4468
Q2841;b2981
Q2842;b2982
Q2843;b2983
Q2844;b2985
Q2845;b2986
Q2846;b2987
Q2847;b2988
Q2848;b2989
Q2849;b2990
Q2850;b2991
Q2851;b2992
Q2852;b2993
Q2853;b2994
Q2854;b2995
Q2855;b2996
Q2856;b2997
Q2857;b2998
Q2858;b4658
Q2859;b3001
Q2860;b3002
Q2861;b3003
Q2862;b3005
Q2863;b3006
Q2864;b3008
Q2865;b3009
Q2866;b3010
Q2867;b3011
Q2868;b3012
Q2869;b3013
Q2870;b3014
Q2872;b3017
Q2873;b3018
Q2874;b3019
Q2871;b4469
Q2875;b3020
Q2876;b3021
Q2877;b3022
Q2878;b3023
Q2879;b3024
Q2880;b3025
Q2881;b3026
Q2883;b3028
Q2882;b3029
Q2884;b3030
Q2885;b3031
Q2886;b3032
Q2887;b3033
Q2888;b3034
Q2889;b3035
Q2890;b3037
Q2891;b3038
Q2892;b3039
Q2893;b3040
Q2894;b3041
Q2895;b3042
Q2896;b3043
Q2897;b3046
Q2898;b3044
Q2899;b3045
Q2901;b3047
Q2910;b3052
Q2911;b3053
Q2909;b4611
Q2912;b3054
Q2913;b3055
Q2902;b3048
Q2903;b3049
Q2904;b3050
Q2905;b3051
Q2907;b4447
Q2906;b4664
Q2908;b4666
Q2914;b3056
Q2915;b3057
Q2916;b3058
Q2917;b3059
Q2918;b3060
Q2919;b3061
Q2920;b3062
Q2921;b3063
Q2922;b3064
Q2923;b3065
Q2924;b3066
Q2925;b3067
Q2926;b3068
Q2927;b3069
Q2928;b3070
Q2929;b3071
Q2930;b3072
Q2931;b3073
Q2932;b3075
Q2933;b3076
Q2934;b3078
Q2935;b3079
Q2936;b3080
Q2937;b3081
Q2938;b3082
Q2939;b3083
Q2940;b3084
Q2948;b3092
Q2949;b3093
Q2950;b3094
Q2951;b3095
Q2941;b3085
Q2942;b3086
Q2943;b3087
Q2944;b3088
Q2945;b3089
Q2946;b3090
Q2947;b3091
Q2960;b3106
Q2961;b3105
Q2962;b3107
Q2963;b4470
Q2964;b3110
Q2966;b3114
Q2967;b3115
Q2968;b3116
Q2969;b3117
Q2970;b3118
Q2965;b4471
Q2952;b3096
Q2953;b3097
Q2955;b3098
Q2954;b3099
Q2956;b3100
Q2957;b3101
Q2958;b3102
Q2959;b3103
Q2971;b3119
Q2972;b3120
Q2973;b3121
Q2974;b3123
Q2982;b3132
Q2983;b3133
Q2984;b3134
Q2985;b3135
Q2975;b3124
Q2976;b3125
Q2977;b3127
Q2978;b3128
Q2979;b3129
Q2980;b3130
Q2981;b3131
Q2986;b3137
Q2987;b3138
Q2988;b3139
Q2989;b3140
Q2990;b3141
Q2991;b3142
Q2992;b3143
Q2993;b3144
Q2994;b3145
Q2996;b3146
Q2995;b3147
Q2997;b3149
Q2998;b3148
Q2999;b3150
Q3000;b3151
Q3001;b3152
Q3002;b3153
Q3003;b3155
Q3004;b3154
Q3005;b3156
Q3006;b3157
Q3007;b3158
Q3008;b3159
Q3009;b3160
Q3010;b3161
Q3011;b3162
Q3013;b3163
Q3012;b4685
Q3014;b3164
Q3016;b3165
Q3017;b3166
Q3018;b3167
Q3019;b3168
Q3020;b3169
Q3015;b4449
Q3021;b3170
Q3022;b3171
Q3023;b3172
Q3024;b3173
Q3025;b3174
Q3026;b3175
Q3027;b3176
Q3028;b3177
Q3029;b3178
Q3030;b3179
Q3031;b3180
Q3032;b3181
Q3033;b3182
Q3034;b3183
Q3035;b3184
Q3037;b3186
Q3036;b3187
Q3038;b3188
Q3039;b3189
Q3040;b3190
Q3041;b3191
Q3042;b3192
Q3043;b3193
Q3044;b3194
Q3045;b3195
Q3046;b3196
Q3059;b3209
Q3061;b3210
Q3062;b3211
Q3063;b3212
Q3064;b3213
Q3060;b4450
Q3055;b3205
Q3056;b3206
Q3057;b3207
Q3058;b3208
Q3047;b3197
Q3048;b3198
Q3049;b3199
Q3050;b3200
Q3051;b3201
Q3052;b3202
Q3053;b3203
Q3054;b3204
Q3065;b3214
Q3066;b3215
Q3067;b3216
Q3069;b3218
Q3068;b4569
Q3071;b3219
Q3072;b3220
Q3073;b3221
Q3074;b3222
Q3075;b3223
Q3076;b3224
Q3077;b3225
Q3078;b3226
Q3079;b3227
Q3080;b3229
Q3081;b3230
Q3082;b3231
Q3083;b3232
Q3084;b3233
Q3085;b3234
Q3094;b3242
Q3095;b3244
Q3097;b3247
Q3096;b4472
Q3086;b3235
Q3087;b3236
Q3088;b3237
Q3089;b3238
Q3090;b3239
Q3091;b3240
Q3092;b3241
Q3093;b3243
Q3115;b3265
Q3116;b3266
Q3117;b3267
Q3098;b3248
Q3108;b3257
Q3109;b3258
Q3110;b3259
Q3111;b3260
Q3113;b3261
Q3112;b3262
Q3114;b3263
Q3099;b3249
Q3100;b3250
Q3101;b3251
Q3102;b3252
Q3103;b3253
Q3106;b3255
Q3105;b4646
Q3104;b4697
Q3128;b3278
Q3129;b3279
Q3150;b3300
Q3107;b3256
Q3118;b3268
Q3119;b3269
Q3120;b3270
Q3121;b3271
Q3122;b3272
Q3123;b3273
Q3124;b3274
Q3125;b3275
Q3126;b3276
Q3127;b3277
Q3159;b3310
Q3130;b3280
Q3131;b3281
Q3132;b3282
Q3151;b3301
Q3152;b3303
Q3153;b3304
Q3154;b3305
Q3155;b3306
Q3156;b3307
Q3157;b3308
Q3158;b3309
Q3140;b3291
Q3142;b3292
Q3143;b3293
Q3141;b4550
Q3133;b3283
Q3134;b3284
Q3136;b3287
Q3137;b3288
Q3138;b3289
Q3139;b3290
Q3135;b4473
Q3165;b3316
Q3166;b3317
Q3167;b3318
Q3168;b3319
Q3169;b3320
Q3144;b3294
Q3145;b3295
Q3146;b3296
Q3147;b3297
Q3148;b3298
Q3149;b3299
Q3160;b3311
Q3161;b3312
Q3162;b3313
Q3163;b3314
Q3164;b3315
Q3177;b3331
Q3178;b3332
Q3179;b3333
Q3180;b3334
Q3170;b3321
Q3171;b3322
Q3172;b3323
Q3173;b3324
Q3174;b3325
Q3175;b3326
Q3176;b3327
Q3189;b3346
Q3190;b3347
Q3191;b3348
Q3181;b3335
Q3182;b3336
Q3183;b3337
Q3184;b3338
Q3185;b3339
Q3186;b3340
Q3187;b3342
Q3188;b3343
Q3192;b3349
Q3194;b3350
Q3196;b3351
Q3195;b3352
Q3197;b3353
Q3198;b3354
Q3199;b3355
Q3200;b3356
Q3193;b4551
Q3201;b3357
Q3202;b3358
Q3203;b3359
Q3204;b3360
Q3205;b3361
Q3206;b3362
Q3207;b3363
Q3208;b3364
Q3209;b3365
Q3210;b3367
Q3215;b3371
Q3217;b3374
Q3218;b3375
Q3219;b3376
Q3220;b3377
Q3216;b4474
Q3221;b3378
Q3222;b3379
Q3223;b3380
Q3224;b3383
Q3225;b3384
Q3211;b3366
Q3212;b3368
Q3213;b3369
Q3214;b3370
Q3226;b3385
Q3227;b3386
Q3228;b3387
Q3229;b3388
Q3230;b3389
Q3231;b3390
Q3232;b3391
Q3233;b3394
Q3234;b3395
Q3235;b3396
Q3236;b3397
Q3237;b3398
Q3238;b3399
Q3239;b3400
Q3240;b3401
Q3241;b3402
Q3242;b3403
Q3249;b3410
Q3250;b3411
Q3251;b3412
Q3252;b3413
Q3243;b3404
Q3244;b3405
Q3245;b3406
Q3246;b3407
Q3247;b3408
Q3248;b3409
Q3253;b3414
Q3254;b3415
Q3255;b3416
Q3256;b3417
Q3257;b3418
Q3258;b4475
Q3259;b3421
Q3260;b3422
Q3261;b3423
Q3262;b3424
Q3263;b3425
Q3264;b3426
Q3265;b3427
Q3266;b3428
Q3267;b3429
Q3268;b3430
Q3269;b3431
Q3278;b3441
Q3280;b3442
Q3281;b3443
Q3279;b4451
Q3270;b3432
Q3271;b3433
Q3272;b3434
Q3274;b3437
Q3275;b3438
Q3276;b3439
Q3277;b3440
Q3273;b4476
Q3282;b3444
Q3283;b3445
Q3286;b3446
Q3287;b3447
Q3288;b3448
Q3285;b4612
Q3289;b3449
Q3290;b3450
Q3291;b3451
Q3292;b3453
Q3293;b3454
Q3294;b3455
Q3295;b3456
Q3296;b3457
Q3297;b3458
Q3298;b3459
Q3299;b3460
Q3300;b3461
Q3301;b3462
Q3302;b3463
Q3303;b3464
Q3304;b3465
Q3305;b3466
Q3306;b3467
Q3307;b3468
Q3308;b3469
Q3309;b3470
Q3317;b3480
Q3318;b3481
Q3319;b3482
Q3320;b4552
Q3328;b3492
Q3329;b3493
Q3330;b3494
Q3331;b3495
Q3332;b3496
Q3321;b3483
Q3322;b3484
Q3323;b3486
Q3324;b3487
Q3325;b3488
Q3327;b3491
Q3326;b4660
Q3310;b3471
Q3311;b3472
Q3312;b3473
Q3313;b3474
Q3314;b3475
Q3315;b3476
Q3316;b3479
Q3333;b3497
Q3334;b3498
Q3335;b3499
Q3336;b3500
Q3338;b3501
Q3339;b3502
Q3337;b4613
Q3340;b3503
Q3341;b3504
Q3342;b3505
Q3344;b3506
Q3345;b3507
Q3346;b3508
Q3347;b3509
Q3348;b3510
Q3349;b3511
Q3351;b3512
Q3352;b3513
Q3353;b3514
Q3354;b3515
Q3356;b3516
Q3355;b4452
Q3350;b4704
Q3357;b3517
Q3358;b3518
Q3359;b3519
Q3360;b3520
Q3368;b3528
Q3369;b3529
Q3370;b3530
Q3371;b3532
Q3372;b3533
Q3373;b3534
Q3374;b3535
Q3375;b3536
Q3376;b3537
Q3377;b3538
Q3378;b4453
Q3379;b4454
Q3380;b3539
Q3381;b3540
Q3382;b3541
Q3383;b3542
Q3361;b3521
Q3362;b3522
Q3363;b3523
Q3364;b3524
Q3365;b3525
Q3366;b3526
Q3367;b3527
Q3390;b3549
Q3391;b3550
Q3392;b3551
Q3393;b3552
Q3384;b3543
Q3385;b3544
Q3386;b3545
Q3387;b3546
Q3388;b3547
Q3389;b3548
Q3401;b3558
Q3403;b3559
Q3402;b4614
Q3404;b3560
Q3406;b3561
Q3407;b3562
Q3408;b3564
Q3409;b3565
Q3410;b3566
Q3411;b3567
Q3413;b3568
Q3412;b3569
Q3405;b4553
Q3394;b3553
Q3395;b3554
Q3396;b3555
Q3397;b3556
Q3400;b3557
Q3399;b4455
Q3398;b4647
Q3414;b3570
Q3415;b3571
Q3416;b3572
Q3417;b3573
Q3418;b3574
Q3419;b3577
Q3420;b3578
Q3421;b3580
Q3423;b3582
Q3422;b3583
Q3424;b4648
Q3426;b3584
Q3427;b3585
Q3425;b4649
Q3435;b3594
Q3436;b3595
Q3439;b3597
Q3438;b4650
Q3437;b4651
Q3428;b3586
Q3429;b3587
Q3430;b3588
Q3431;b3589
Q3432;b3591
Q3433;b3592
Q3434;b3593
Q3440;b3598
Q3441;b3599
Q3442;b3600
Q3443;b3601
Q3444;b4554
Q3451;b3609
Q3452;b3610
Q3453;b3611
Q3454;b3612
Q3445;b3602
Q3446;b3603
Q3447;b3605
Q3448;b3606
Q3449;b3607
Q3450;b3608
Q3456;b3613
Q3455;b3614
Q3457;b3615
Q3458;b3616
Q3459;b3617
Q3460;b3618
Q3461;b3619
Q3462;b3620
Q3463;b3621
Q3464;b3622
Q3465;b3623
Q3466;b3625
Q3474;b3633
Q3475;b3634
Q3476;b3635
Q3477;b3637
Q3467;b3626
Q3468;b3627
Q3469;b3628
Q3470;b3629
Q3471;b3630
Q3472;b3631
Q3473;b3632
Q3478;b3638
Q3479;b3639
Q3480;b3640
Q3481;b3641
Q3482;b3642
Q3483;b3643
Q3484;b3644
Q3485;b3645
Q3486;b3646
Q3487;b3647
Q3488;b3648
Q3489;b3649
Q3490;b3650
Q3492;b3651
Q3491;b3652
Q3493;b3653
Q3494;b3654
Q3501;b3660
Q3503;b3661
Q3504;b3662
Q3505;b3663
Q3502;b4555
Q3495;b3655
Q3496;b3656
Q3497;b3657
Q3498;b3658
Q3500;b3659
Q3499;b4653
Q3506;b3664
Q3507;b3665
Q3508;b3666
Q3509;b3667
Q3510;b3668
Q3511;b3669
Q3512;b3671
Q3513;b3672
Q3516;b3673
Q3517;b3674
Q3514;b4616
Q3515;b4618
Q3518;b3675
Q3520;b3676
Q3519;b3677
Q3521;b3678
Q3522;b3679
Q3523;b3680
Q3525;b3683
Q3526;b3684
Q3527;b3685
Q3528;b3686
Q3529;b3688
Q3524;b4556
Q3530;b3687
Q3531;b3689
Q3532;b3690
Q3541;b3702
Q3542;b3703
Q3543;b3705
Q3544;b4557
Q3533;b3691
Q3535;b3696
Q3536;b3697
Q3537;b3698
Q3538;b3699
Q3539;b3700
Q3540;b3701
Q3534;b4478
Q3545;b3706
Q3546;b3707
Q3547;b3708
Q3548;b3709
Q3549;b3710
Q3550;b3711
Q3551;b3712
Q3552;b3713
Q3553;b3714
Q3554;b3715
Q3555;b3716
Q3556;b3717
Q3557;b3718
Q3558;b3719
Q3559;b3720
Q3560;b3721
Q3561;b3722
Q3562;b3723
Q3563;b3724
Q3564;b3725
Q3565;b3726
Q3566;b3727
Q3567;b3728
Q3568;b3729
Q3569;b3730
Q3570;b3731
Q3571;b3732
Q3572;b3733
Q3573;b3734
Q3574;b3736
Q3575;b3737
Q3576;b3738
Q3577;b3739
Q3578;b3740
Q3579;b3741
Q3580;b3742
Q3581;b3743
Q3582;b3744
Q3583;b3745
Q3591;b3753
Q3592;b3754
Q3593;b3755
Q3594;b3756
Q3584;b3746
Q3585;b3747
Q3586;b3748
Q3587;b3749
Q3588;b3750
Q3589;b3751
Q3590;b3752
Q3616;b3783
Q3617;b3784
Q3619;b3785
Q3618;b3786
Q3620;b3787
Q3621;b3788
Q3623;b3790
Q3622;b3791
Q3624;b3792
Q3595;b3757
Q3596;b3758
Q3597;b3759
Q3598;b3761
Q3600;b3764
Q3599;b4480
Q3606;b3771
Q3607;b3772
Q3608;b3773
Q3609;b3774
Q3610;b3775
Q3601;b3765
Q3602;b3766
Q3604;b3769
Q3605;b3770
Q3603;b4488
Q3611;b3777
Q3612;b3778
Q3613;b3779
Q3614;b3780
Q3615;b3781
Q3626;b3793
Q3627;b3794
Q3625;b4481
Q3628;b3795
Q3629;b3796
Q3630;b3797
Q3631;b3798
Q3632;b3800
Q3633;b3801
Q3634;b4456
Q3635;b3802
Q3636;b3803
Q3637;b3804
Q3638;b3805
Q3639;b3806
Q3645;b3812
Q3646;b3813
Q3648;b3816
Q3649;b3817
Q3647;b4482
Q3650;b3818
Q3651;b3819
Q3653;b3820
Q3652;b3821
Q3654;b3822
Q3655;b3823
Q3656;b3824
Q3640;b3807
Q3642;b3809
Q3643;b3810
Q3644;b3811
Q3641;b4558
Q3668;b3836
Q3669;b3839
Q3671;b3842
Q3670;b4483
Q3657;b3825
Q3658;b3826
Q3659;b3827
Q3660;b3828
Q3661;b3829
Q3662;b3830
Q3663;b3831
Q3664;b3832
Q3665;b3833
Q3666;b3834
Q3667;b3835
Q3680;b3852
Q3681;b3853
Q3682;b3854
Q3683;b3855
Q3672;b3843
Q3673;b3845
Q3674;b3846
Q3675;b3847
Q3676;b3848
Q3677;b3849
Q3678;b3850
Q3679;b3851
Q3684;b3856
Q3685;b3857
Q3686;b3858
Q3687;b3859
Q3688;b3860
Q3689;b3861
Q3701;b3871
Q3702;b3872
Q3703;b3873
Q3704;b3874
Q3690;b3862
Q3691;b3863
Q3692;b3864
Q3694;b3865
Q3693;b4457
Q3705;b3876
Q3706;b3877
Q3707;b3878
Q3708;b3879
Q3709;b3880
Q3710;b3881
Q3711;b3882
Q3712;b3883
Q3713;b3884
Q3714;b3885
Q3715;b3886
Q3716;b3887
Q3695;b3866
Q3696;b3867
Q3698;b3868
Q3699;b3869
Q3700;b3870
Q3697;b4686
Q3717;b3888
Q3718;b3889
Q3719;b3890
Q3720;b3891
Q3721;b3892
Q3729;b3900
Q3730;b3901
Q3731;b3902
Q3732;b3903
Q3722;b3893
Q3723;b3894
Q3724;b3895
Q3725;b3896
Q3726;b3897
Q3727;b3898
Q3728;b3899
Q3733;b3904
Q3734;b3905
Q3735;b3906
Q3736;b3907
Q3737;b3908
Q3738;b3909
Q3739;b3910
Q3740;b3911
Q3744;b3916
Q3745;b3917
Q3746;b3918
Q3747;b3919
Q3748;b3920
Q3749;b3921
Q3750;b3922
Q3751;b3923
Q3741;b3912
Q3743;b3915
Q3742;b4484
Q3752;b3924
Q3753;b3925
Q3754;b3926
Q3755;b3927
Q3756;b3928
Q3757;b3929
Q3758;b3930
Q3759;b3931
Q3760;b3932
Q3761;b3933
Q3762;b3934
Q3763;b3935
Q3764;b3936
Q3765;b3937
Q3766;b3938
Q3767;b3939
Q3768;b3940
Q3769;b3941
Q3770;b3942
Q3771;b3943
Q3772;b3944
Q3773;b3945
Q3774;b3946
Q3775;b3947
Q3776;b3949
Q3777;b3950
Q3778;b3951
Q3779;b3952
Q3780;b3953
Q3781;b3954
Q3782;b3955
Q3783;b3956
Q3784;b3957
Q3785;b3958
Q3786;b3959
Q3787;b3960
Q3788;b3961
Q3790;b3962
Q3789;b4458
Q3791;b3963
Q3792;b3964
Q3793;b3965
Q3794;b3966
Q3795;b3967
Q3796;b3968
Q3797;b3969
Q3798;b3970
Q3799;b3971
Q3800;b3972
Q3801;b3973
Q3802;b3974
Q3803;b3976
Q3805;b3977
Q3804;b3978
Q3806;b3980
Q3807;b3981
Q3808;b3982
Q3809;b3983
Q3810;b3984
Q3811;b3985
Q3812;b3986
Q3813;b3987
Q3814;b3988
Q3815;b3989
Q3817;b3990
Q3818;b3991
Q3816;b4691
Q3819;b3992
Q3820;b3993
Q3821;b3994
Q3829;b4002
Q3830;b4003
Q3831;b4004
Q3832;b4005
Q3822;b3995
Q3823;b3996
Q3824;b3997
Q3825;b3998
Q3826;b3999
Q3827;b4000
Q3828;b4001
Q3840;b4014
Q3842;b4015
Q3841;b4016
Q3843;b4017
Q3833;b4006
Q3834;b4007
Q3835;b4008
Q3836;b4009
Q3837;b4010
Q3838;b4012
Q3839;b4013
Q3852;b4026
Q3853;b4027
Q3854;b4028
Q3855;b4029
Q3844;b4018
Q3845;b4019
Q3846;b4020
Q3847;b4021
Q3848;b4022
Q3849;b4023
Q3850;b4024
Q3851;b4025
Q3856;b4030
Q3858;b4031
Q3859;b4032
Q3860;b4033
Q3861;b4034
Q3862;b4035
Q3857;b4620
Q3863;b4036
Q3864;b4037
Q3865;b4038
Q3866;b4039
Q3867;b4040
Q3868;b4041
Q3869;b4042
Q3870;b4043
Q3871;b4044
Q3879;b4053
Q3880;b4054
Q3881;b4055
Q3882;b4056
Q3883;b4057
Q3872;b4045
Q3873;b4046
Q3874;b4048
Q3875;b4049
Q3876;b4050
Q3877;b4051
Q3878;b4052
Q3884;b4058
Q3885;b4059
Q3886;b4060
Q3887;b4061
Q3889;b4062
Q3888;b4063
Q3890;b4459
Q3891;b4064
Q3892;b4065
Q3893;b4066
Q3894;b4067
Q3895;b4068
Q3896;b4069
Q3897;b4070
Q3898;b4071
Q3899;b4072
Q3900;b4074
Q3901;b4073
Q3902;b4076
Q3903;b4077
Q3904;b4078
Q3905;b4079
Q3906;b4080
Q3907;b4081
Q3908;b4082
Q3910;b4083
Q3909;b4622
Q3911;b4084
Q3912;b4085
Q3913;b4086
Q3914;b4087
Q3915;b4088
Q3916;b4089
Q3917;b4487
Q3918;b4092
Q3919;b4093
Q3920;b4094
Q3921;b4095
Q3922;b4096
Q3923;b4098
Q3924;b4099
Q3925;b4105
Q3926;b4106
Q3927;b4107
Q3928;b4108
Q3929;b4109
Q3930;b4110
Q3931;b4111
Q3932;b4112
Q3940;b4120
Q3941;b4121
Q3942;b4122
Q3953;b4133
Q3933;b4113
Q3934;b4114
Q3935;b4115
Q3936;b4116
Q3937;b4117
Q3938;b4118
Q3939;b4119
Q3950;b4130
Q3951;b4131
Q3952;b4132
Q3954;b4134
Q3943;b4123
Q3944;b4124
Q3945;b4125
Q3946;b4127
Q3947;b4128
Q3949;b4129
Q3948;b4559
Q3963;b4142
Q3964;b4143
Q3965;b4144
Q3966;b4145
Q3956;b4135
Q3957;b4136
Q3958;b4137
Q3959;b4138
Q3960;b4139
Q3961;b4140
Q3962;b4141
Q3955;b4654
Q3974;b4152
Q3975;b4153
Q3976;b4154
Q3977;b4155
Q3978;b4156
Q3967;b4146
Q3968;b4147
Q3971;b4148
Q3972;b4150
Q3973;b4151
Q3969;b4410
Q3970;b4411
Q3979;b4157
Q3980;b4158
Q3981;b4159
Q3982;b4160
Q3983;b4161
Q3984;b4162
Q3985;b4163
Q3986;b4164
Q3987;b4165
Q3989;b4166
Q3988;b4670
Q3990;b4167
Q3991;b4168
Q3992;b4169
Q3993;b4170
Q4001;b4178
Q4002;b4179
Q4003;b4180
Q4004;b4181
Q3994;b4171
Q3995;b4172
Q3996;b4173
Q3997;b4174
Q3998;b4175
Q3999;b4176
Q4000;b4177
Q4005;b4182
Q4006;b4183
Q4007;b4184
Q4008;b4186
Q4009;b4187
Q4010;b4188
Q4012;b4189
Q4011;b4190
Q4013;b4191
Q4014;b4192
Q4015;b4193
Q4016;b4195
Q4017;b4196
Q4018;b4197
Q4019;b4199
Q4020;b4200
Q4021;b4201
Q4022;b4202
Q4023;b4203
Q4024;b4204
Q4025;b4205
Q4026;b4206
Q4027;b4207
Q4028;b4208
Q4029;b4209
Q4030;b4210
Q4031;b4211
Q4032;b4212
Q4040;b4220
Q4041;b4221
Q4042;b4222
Q4043;b4224
Q4033;b4213
Q4034;b4214
Q4035;b4215
Q4036;b4216
Q4037;b4217
Q4038;b4218
Q4039;b4219
Q4052;b4236
Q4053;b4237
Q4054;b4238
Q4055;b4239
Q4056;b4240
Q4057;b4241
Q4059;b4242
Q4060;b4243
Q4061;b4244
Q4062;b4245
Q4058;b4702
Q4044;b4225
Q4045;b4227
Q4047;b4231
Q4048;b4232
Q4049;b4233
Q4050;b4234
Q4051;b4235
Q4046;b4485
Q4063;b4246
Q4064;b4248
Q4065;b4249
Q4066;b4251
Q4067;b4252
Q4068;b4253
Q4069;b4254
Q4070;b4255
Q4071;b4256
Q4072;b4257
Q4073;b4258
Q4074;b4259
Q4075;b4260
Q4076;b4261
Q4077;b4262
Q4078;b4263
Q4079;b4264
Q4080;b4265
Q4081;b4266
Q4082;b4267
Q4083;b4268
Q4084;b4270
Q4085;b4271
Q4086;b4272
Q4087;b4273
Q4089;b4277
Q4088;b4575
Q4090;b4278
Q4091;b4279
Q4092;b4280
Q4093;b4655
Q4102;b4288
Q4103;b4289
Q4104;b4290
Q4105;b4291
Q4094;b4281
Q4095;b4282
Q4097;b4284
Q4100;b4286
Q4101;b4287
Q4098;b4561
Q4096;b4623
Q4106;b4292
Q4107;b4293
Q4108;b4294
Q4110;b4295
Q4111;b4296
Q4109;b4576
Q4112;b4297
Q4113;b4298
Q4114;b4299
Q4115;b4300
Q4117;b4302
Q4118;b4303
Q4119;b4304
Q4116;b4624
Q4121;b4305
Q4120;b4565
Q4122;b4656
Q4123;b4306
Q4124;b4307
Q4127;b4308
Q4128;b4309
Q4129;b4310
Q4130;b4311
Q4125;b4566
Q4126;b4657
Q4131;b4312
Q4132;b4313
Q4133;b4314
Q4134;b4315
Q4142;b4324
Q4143;b4326
Q4144;b4327
Q4145;b4328
Q4146;b4329
Q4147;b4330
Q4148;b4331
Q4149;b4332
Q4150;b4333
Q4151;b4334
Q4135;b4316
Q4136;b4317
Q4137;b4318
Q4138;b4320
Q4139;b4321
Q4140;b4322
Q4141;b4323
Q4152;b4335
Q4153;b4336
Q4154;b4337
Q4155;b4339
Q4156;b4340
Q4163;b4349
Q4164;b4350
Q4165;b4351
Q4166;b4352
Q4175;b4361
Q4176;b4362
Q4177;b4363
Q4178;b4364
Q4157;b4342
Q4159;b4346
Q4161;b4347
Q4162;b4348
Q4158;b4486
Q4160;b4625
Q4167;b4353
Q4168;b4354
Q4169;b4355
Q4170;b4356
Q4171;b4357
Q4172;b4358
Q4173;b4359
Q4174;b4360
Q4186;b4371
Q4187;b4372
Q4189;b4373
Q4188;b4374
Q4179;b4365
Q4180;b4366
Q4181;b4367
Q4183;b4368
Q4184;b4369
Q4185;b4370
Q4182;b4567
Q4190;b4375
Q4191;b4376
Q4193;b4377
Q4194;b4378
Q4192;b4568
Q4202;b4387
Q4203;b4388
Q4204;b4389
Q4205;b4390
Q4195;b4379
Q4196;b4380
Q4197;b4382
Q4198;b4383
Q4199;b4384
Q4200;b4385
Q4201;b4386
Q4214;b4399
Q4215;b4400
Q4216;b4401
Q4217;b4402
Q4206;b4391
Q4207;b4392
Q4208;b4393
Q4210;b4394
Q4209;b4395
Q4211;b4396
Q4212;b4397
Q4213;b4398
Q4218;b4403
Q4220;113_+
Q4219;38_+
Q4225;1176_-
Q4222;122_-
Q4223;148_+
Q4226;2259_-
Q4224;412_+
Q4227;2391_+
Q4228;2581_+
Q4229;3729_-
Q4230;3756_+
Q4231;4787_+
Q4232;4996_-
Q4233;5078_-
Q4234;5147_+
Q4235;5652_+
Q4240;6728_+
Q4241;6966_+
Q4242;7418_+
Q4243;7482_-
Q4236;5761_+
Q4237;5829_-
Q4238;5925_-
Q4239;5943_+
Q4249;8581_-
Q4244;8042_+
Q4245;8053_-
Q4246;8226_-
Q4247;8319_-
Q4248;8542_-
Q4250;8858_-
Q4251;8860_-
Q4252;9213_-
Q4253;9277_+
Q4259;11090_+
Q4255;10476_-
Q4256;10584_+
Q4257;10989_-
Q4258;11033_-
Q4254;9359_-
Q4260;11407_+
Q4261;11543_+
Q4270;14095_-
Q4267;13619_+
Q4268;13932_+
Q4269;14092_-
Q4262;11936_-
Q4263;12048_+
Q4264;12132_-
Q4265;12135_-
Q4266;13083_+
Q4271;14535_+
Q4272;15080_+
Q4273;15441_+
Q4274;16003_-
Q4275;16296_-
Q4276;16460_-
Q4277;16560_-
Q4278;16949_-
Q4279;16952_+
Q4280;17007_-
Q4281;17053_-
Q4282;17151_-
Q4283;17215_+
Q4284;17224_+
Q4289;17589_-
Q4285;17311_+
Q4286;17414_-
Q4287;17422_+
Q4288;17454_+
Q4290;17981_+
Q4291;18025_+
Q4292;18374_+
Q4298;19511_-
Q4299;19532_+
Q4300;19659_-
Q4293;18553_+
Q4294;19132_-
Q4295;19155_+
Q4296;19187_+
Q4297;19486_+
Q4302;19759_+
Q4304;19831_+
Q4305;20278_+
Q4306;20526_-
Q4307;20562_-
Q4308;20678_-
Q4309;20859_+
Q4315;21835_+
Q4316;22229_+
Q4310;20984_+
Q4311;21007_+
Q4312;21113_+
Q4313;21207_-
Q4314;21383_+
Q4317;22707_-
Q4318;23116_+
Q4319;23267_+
Q4320;24351_+
Q4321;25014_+
Q4322;25344_-
Q4323;26450_+
Q4324;26476_-
Q4325;27024_+
Q4326;27114_+
Q4327;27263_+
Q4328;28287_+
Q4329;29030_+
Q4330;29034_+
Q4331;29062_+
Q4332;29129_+
Q4334;29551_+
Q4335;29767_-
Q4336;31586_-
Q4337;32607_-
Q4338;34027_-
Q4339;34045_+
Q4340;34218_+
Q4341;34492_+
Q4346;34913_-
Q4347;36161_+
Q4342;34503_+
Q4343;34705_+
Q4344;34756_+
Q4345;34907_+
Q4348;37454_-
Q4349;37479_+
Q4350;39939_-
Q4351;39952_+
Q4352;40935_-
Q4353;40941_-
Q4354;41205_-
Q4355;41748_-
Q4356;42510_+
Q4357;44059_+
Q4358;44061_+
Q4359;45860_+
Q4360;46052_+
Q4361;46141_-
Q4362;46988_-
Q4370;49238_-
Q4371;49788_+
Q4372;50322_+
Q4363;47181_+
Q4364;47211_+
Q4365;47257_+
Q4366;47815_-
Q4367;47965_-
Q4368;49104_+
Q4369;49116_+
Q4373;50459_-
Q4374;50477_+
Q4375;50556_-
Q4376;50573_+
Q4377;51193_+
Q4378;51949_-
Q4379;52034_-
Q4380;52587_-
Q4381;53090_-
Q4382;53139_+
Q4383;53776_-
Q4384;53824_-
Q4385;53905_+
Q4386;54788_+
Q4387;54995_+
Q4392;56611_-
Q4388;55337_+
Q4389;55399_-
Q4390;55889_+
Q4391;56380_+
Q4403;57492_+
Q4405;58482_+
Q4406;58726_-
Q4412;59025_+
Q4413;59055_+
Q4407;58734_-
Q4408;58744_-
Q4409;58773_+
Q4410;58890_+
Q4411;58933_+
Q4393;56888_+
Q4399;57253_-
Q4400;57259_+
Q4401;57261_+
Q4402;57311_-
Q4394;57150_+
Q4395;57156_-
Q4396;57197_+
Q4397;57203_+
Q4398;57241_-
Q4418;61281_+
Q4420;61477_+
Q4421;61897_-
Q4414;59150_-
Q4415;59728_+
Q4416;60268_-
Q4417;61083_-
Q4426;63245_-
Q4422;62659_+
Q4423;63074_-
Q4424;63091_+
Q4425;63181_+
Q4427;63357_-
Q4428;63450_-
Q4429;63588_-
Q4430;64188_+
Q4431;64514_-
Q4432;64720_-
Q4433;64745_+
Q4434;65803_-
Q4435;65946_-
Q4436;66113_+
Q4437;66557_+
Q4438;66588_+
Q4439;66867_+
Q4440;67171_+
Q4441;67616_-
Q4442;67777_-
Q4443;68654_+
Q4444;70077_-
Q4445;70221_+
Q4446;70387_+
Q4447;70531_+
Q4448;70974_-
Q4449;71292_+
Q4450;71329_+
Q4451;71341_-
Q4452;71795_+
Q4454;73803_-
Q4455;75126_+
Q4456;75608_-
Q4457;75747_-
Q4458;75765_+
Q4459;75969_-
Q4460;76047_+
Q4461;77336_-
Q4462;77339_-
Q4463;77367_+
Q4468;77910_+
Q4469;77915_+
Q4470;78203_+
Q4464;77403_-
Q4465;77546_+
Q4466;77565_-
Q4467;77619_+
Q4476;79676_-
Q4477;80331_+
Q4478;82216_+
Q4479;82467_-
Q4471;78269_+
Q4472;78332_+
Q4473;78491_-
Q4474;78612_+
Q4475;79156_-
Q4484;83745_+
Q4486;83894_-
Q4487;84155_+
Q4488;84300_+
Q4489;84304_+
Q4480;82645_+
Q4481;83570_-
Q4482;83674_+
Q4483;83735_-
Q4499;85946_-
Q4490;84770_+
Q4491;84808_+
Q4492;84891_-
Q4493;84903_-
Q4494;85192_+
Q4495;85270_-
Q4496;85537_+
Q4497;85599_+
Q4498;85756_+
Q4500;86713_-
Q4501;87347_-
Q4502;87358_-
Q4503;87733_+
Q4504;87847_+
Q4505;87962_-
Q4507;89361_+
Q4509;89590_+
Q4510;90107_-
Q4511;90828_-
Q4512;91371_-
Q4513;91458_-
Q4514;91542_-
Q4515;92250_-
Q4516;92677_-
Q4517;92933_-
Q4518;94564_-
Q4519;95826_-
Q4520;97215_-
Q4521;97337_+
Q4522;97663_-
Q4523;97673_+
Q4524;98454_+
Q4525;98594_+
Q4528;100883_-
Q4526;99370_+
Q4527;99588_-
Q4534;102872_+
Q4535;103561_+
Q4536;103764_-
Q4529;101724_+
Q4530;102454_+
Q4531;102533_+
Q4532;102693_-
Q4533;102743_+
Q4537;104537_+
Q4538;104636_+
Q4539;105047_+
Q4540;105143_-
Q4541;105921_+
Q4542;106437_-
Q4543;106502_+
Q4544;106757_-
Q4545;107306_-
Q4546;107475_-
Q4547;107645_-
Q4548;107668_+
Q4549;107945_-
Q4550;108116_-
Q4555;109010_+
Q4556;110105_+
Q4557;110229_+
Q4558;110345_-
Q4551;108125_-
Q4552;108213_-
Q4553;108263_-
Q4554;108894_+
Q4564;112688_-
Q4565;113322_-
Q4566;113394_+
Q4567;113801_-
Q4559;110745_+
Q4560;111063_-
Q4561;111148_+
Q4562;111293_+
Q4563;111828_-
Q4568;113975_+
Q4569;114576_-
Q4570;114768_+
Q4571;115647_+
Q4577;117787_-
Q4572;116075_-
Q4573;116380_+
Q4574;116545_-
Q4575;116596_+
Q4576;117051_-
Q4578;118526_+
Q4579;118679_-
Q4580;118701_+
Q4585;120543_-
Q4586;120697_-
Q4587;121068_-
Q4588;121304_+
Q4581;118703_+
Q4582;118990_+
Q4583;120149_+
Q4584;120283_-
Q4598;122025_+
Q4599;122034_+
Q4600;122373_-
Q4601;122612_+
Q4589;121613_+
Q4590;121676_-
Q4591;121680_-
Q4593;121790_-
Q4594;121802_+
Q4606;126733_+
Q4607;126951_-
Q4608;127420_+
Q4602;123955_+
Q4603;124882_+
Q4604;125143_-
Q4605;125650_-
Q4614;130153_-
Q4615;130184_-
Q4616;130200_+
Q4609;127637_+
Q4610;127887_-
Q4611;128827_-
Q4612;129241_-
Q4613;129500_+
Q4622;131954_+
Q4623;133469_-
Q4624;134079_-
Q4625;134147_+
Q4617;130512_-
Q4618;130908_-
Q4619;130935_+
Q4620;131419_-
Q4621;131520_+
Q4626;134339_+
Q4627;135053_+
Q4628;135402_+
Q4629;135547_-
Q4630;136266_-
Q4631;136377_-
Q4632;136472_-
Q4633;136504_-
Q4634;136519_+
Q4635;136940_-
Q4636;137043_+
Q4637;138174_+
Q4638;138550_+
Q4639;138864_-
Q4640;139774_+
Q4641;140216_+
Q4642;140640_-
Q4643;141230_-
Q4644;141263_-
Q4649;142292_+
Q4650;142434_+
Q4651;142669_+
Q4652;142766_-
Q4645;141354_+
Q4646;141360_+
Q4647;141650_+
Q4648;141864_+
Q4658;144535_-
Q4659;144560_+
Q4660;144800_-
Q4661;144803_-
Q4662;145055_+
Q4653;143393_-
Q4654;143436_+
Q4655;143831_+
Q4656;143983_+
Q4657;144340_+
Q4663;145110_+
Q4664;145592_-
Q4665;145610_+
Q4666;146122_+
Q4672;147545_+
Q4667;146124_+
Q4668;146640_+
Q4669;146793_+
Q4670;147116_+
Q4671;147332_+
Q4673;147583_+
Q4674;147794_-
Q4680;149783_+
Q4675;147871_+
Q4676;147880_+
Q4677;149533_+
Q4678;149626_+
Q4679;149630_-
Q4681;149892_+
Q4682;150376_+
Q4683;150380_-
Q4684;150401_-
Q4685;150548_+
Q4686;150689_-
Q4687;151806_+
Q4688;151930_-
Q4689;152097_-
Q4699;155276_-
Q4690;152495_+
Q4691;153051_-
Q4692;153214_-
Q4693;153909_+
Q4694;154419_-
Q4695;154505_-
Q4696;154859_-
Q4697;155090_-
Q4698;155199_+
Q4700;155288_-
Q4701;155401_-
Q4702;155414_+
Q4708;157639_+
Q4709;158624_+
Q4703;156107_+
Q4704;156215_-
Q4705;156424_-
Q4706;157309_-
Q4707;157390_+
Q4710;159009_+
Q4716;160055_-
Q4711;159172_-
Q4712;159229_+
Q4713;159390_-
Q4714;159450_+
Q4715;159611_+
Q4717;160657_-
Q4718;160694_-
Q4719;160772_+
Q4720;161058_-
Q4721;161142_-
Q4722;161199_-
Q4723;161377_-
Q4724;161665_+
Q4725;162053_-
Q4726;162075_+
Q4727;162929_-
Q4728;164015_+
Q4729;164235_+
Q4735;168924_+
Q4736;168998_-
Q4730;164551_+
Q4731;164627_-
Q4732;166523_+
Q4733;168257_-
Q4734;168557_-
Q4737;168999_+
Q4738;169109_-
Q4739;169116_+
Q4740;169124_+
Q4741;169506_+
Q4742;169546_+
Q4743;169815_-
Q4744;170500_-
Q4745;172890_-
Q4746;173246_+
Q4747;173356_-
Q4748;173643_-
Q4749;174330_-
Q4750;174341_-
Q4751;174370_+
Q4752;174463_-
Q4753;174919_-
Q4754;174933_+
Q4755;174990_-
Q4756;174992_-
Q4757;175012_+
Q4758;175777_-
Q4759;175796_+
Q4760;175897_+
Q4766;177516_-
Q4761;176450_+
Q4762;176558_+
Q4763;176561_+
Q4764;176856_-
Q4765;177150_-
Q4767;177700_-
Q4768;178294_-
Q4769;178550_+
Q4770;178595_-
Q4771;178932_-
Q4772;179198_+
Q4773;179514_-
Q4774;179598_+
Q4775;180283_+
Q4781;182447_+
Q4782;182508_+
Q4783;182558_-
Q4784;182635_+
Q4776;180348_+
Q4777;180844_+
Q4778;181048_-
Q4779;181750_+
Q4780;182240_+
Q4792;184193_-
Q4789;184000_-
Q4790;184018_+
Q4791;184023_+
Q4785;182889_-
Q4786;183426_+
Q4787;183589_+
Q4788;183852_-
Q4793;184257_+
Q4794;184883_-
Q4795;184990_-
Q4796;185661_+
Q4797;185963_+
Q4798;185976_-
Q4799;186130_+
Q4800;187246_+
Q4801;187403_-
Q4802;187737_-
Q4803;188330_+
Q4804;188666_-
Q4805;188681_+
Q4806;188783_-
Q4811;189621_-
Q4807;188810_+
Q4808;188941_-
Q4809;189548_+
Q4810;189553_-
Q4812;189640_+
Q4813;189713_+
Q4814;189756_-
Q4820;191723_+
Q4821;191794_-
Q4822;191808_-
Q4823;191941_-
Q4815;189843_-
Q4816;190510_+
Q4817;190613_-
Q4818;191250_+
Q4819;191428_-
Q4829;192797_+
Q4830;192814_+
Q4831;193715_-
Q4832;193970_-
Q4824;191944_-
Q4825;192313_-
Q4826;192481_-
Q4827;192617_+
Q4828;192796_-
Q4833;193987_-
Q4834;194432_+
Q4835;194466_+
Q4836;194669_+
Q4837;194764_+
Q4838;194784_+
Q4839;194884_+
Q4840;194965_-
Q4846;196917_+
Q4847;197219_-
Q4848;197299_+
Q4849;197730_+
Q4850;198063_+
Q4841;195054_+
Q4842;195239_+
Q4843;195803_-
Q4844;196159_+
Q4845;196806_-
Q4851;198356_-
Q4852;198990_-
Q4853;199299_+
Q4854;199411_+
Q4859;200547_-
Q4860;200691_+
Q4855;199742_-
Q4856;200105_-
Q4857;200328_-
Q4858;200399_+
Q4861;200884_+
Q4862;201227_-
Q4871;203114_-
Q4868;202676_-
Q4869;202747_+
Q4870;202928_-
Q4863;201376_+
Q4864;201484_+
Q4865;201715_+
Q4866;202073_+
Q4867;202130_-
Q4872;203116_-
Q4873;203220_-
Q4874;203659_-
Q4879;206911_+
Q4880;207066_-
Q4881;207426_+
Q4882;207584_+
Q4883;207634_+
Q4875;203672_+
Q4876;203839_-
Q4877;205323_-
Q4878;206807_-
Q4884;208276_+
Q4885;208326_+
Q4886;208711_-
Q4887;209519_-
Q4893;211399_+
Q4888;209626_+
Q4889;210044_-
Q4890;210068_+
Q4891;210507_-
Q4892;211376_-
Q4894;211618_+
Q4895;211903_-
Q4896;211967_+
Q4901;214196_+
Q4902;214197_-
Q4903;214269_+
Q4904;214603_-
Q4897;211973_-
Q4898;213139_+
Q4899;213611_+
Q4900;213903_+
Q4905;214621_+
Q4906;214989_+
Q4907;215123_+
Q4908;215605_+
Q4909;215656_-
Q4910;215776_-
Q4911;215887_+
Q4912;215933_-
Q4914;216326_-
Q4915;216612_+
Q4916;216694_-
Q4917;216995_-
Q4918;217127_-
Q4919;217298_+
Q4920;218837_-
Q4921;218988_-
Q4922;219170_+
Q4923;219692_-
Q4924;220022_-
Q4925;220073_-
Q4926;220265_-
Q4927;220677_+
Q4928;221008_-
Q4929;221367_-
Q4930;221629_-
Q4931;221838_+
Q4932;222036_-
Q4933;222379_-
Q4934;222669_+
Q4935;222714_-
Q4936;223093_-
Q4937;223251_+
Q4938;223466_-
Q4944;224467_-
Q4945;225016_+
Q4946;225172_+
Q4947;225381_+
Q4948;225500_+
Q4939;223485_+
Q4940;223594_+
Q4941;223730_-
Q4942;223735_-
Q4943;224109_+
Q4949;225704_-
Q4950;225994_+
Q4951;226160_+
Q4952;226881_-
Q4957;228756_+
Q4958;229064_+
Q4953;227035_+
Q4954;227828_-
Q4955;228206_+
Q4956;228258_+
Q4959;229081_-
Q4960;229135_-
Q4961;229173_+
Q4962;229275_-
Q4963;229664_+
Q4964;229801_-
Q4965;229863_+
Q4966;229902_+
Q4967;231072_+
Q4968;231573_-
Q4969;231717_-
Q4970;231926_+
Q4971;232112_+
Q4972;232192_+
Q4973;232366_+
Q4974;232414_+
Q4975;232619_+
Q4976;232757_+
Q4977;232907_+
Q4978;233226_-
Q4979;233632_+
Q4980;233980_-
Q4981;233982_-
Q4982;234114_+
Q4983;234201_-
Q4984;234218_+
Q4985;234288_+
Q4986;234289_-
Q4987;234459_+
Q4988;234685_+
Q4994;235854_+
Q4989;234777_+
Q4990;234785_+
Q4991;234937_+
Q4992;234947_-
Q4993;234956_-
Q5005;239755_-
Q5006;239824_-
Q5007;240216_-
Q5012;241684_-
Q5013;241793_-
Q5014;241909_+
Q4995;235937_+
Q5008;240224_-
Q5009;240319_+
Q5010;240759_+
Q5011;240970_-
Q5001;237636_-
Q5002;238115_-
Q5003;238953_-
Q5004;239665_-
Q4996;236021_+
Q4997;236043_-
Q4998;236672_-
Q4999;236910_+
Q5000;237074_+
Q5015;242068_-
Q5016;242457_-
Q5017;243346_-
Q5018;243364_-
Q5019;243384_-
Q5020;243400_+
Q5021;243512_+
Q5022;244790_-
Q5023;244884_-
Q5024;245508_+
Q5025;245884_-
Q5026;245992_-
Q5027;246532_-
Q5033;247951_-
Q5034;247970_-
Q5028;246675_-
Q5029;246677_-
Q5030;246685_+
Q5031;247071_+
Q5032;247623_+
Q5035;248127_-
Q5036;248134_+
Q5037;248402_-
Q5048;250883_+
Q5049;251140_-
Q5050;251772_+
Q5051;251969_+
Q5052;251973_+
Q5053;252211_-
Q5054;252251_-
Q5055;253351_+
Q5056;253453_-
Q5057;254325_+
Q5038;248547_+
Q5039;248927_-
Q5040;248946_-
Q5041;249380_+
Q5042;249878_-
Q5043;250485_-
Q5067;256361_+
Q5044;250492_+
Q5045;250503_+
Q5046;250864_-
Q5047;250881_+
Q5058;254342_-
Q5059;255131_-
Q5060;255410_-
Q5061;255807_-
Q5062;255809_-
Q5063;255816_-
Q5064;255825_+
Q5065;255918_+
Q5066;256081_+
Q5078;258971_-
Q5079;259461_+
Q5085;262062_+
Q5087;262242_-
Q5090;262362_+
Q5068;256379_+
Q5080;259573_+
Q5081;260112_+
Q5082;260666_+
Q5083;261398_+
Q5084;261414_+
Q5069;256502_+
Q5070;256794_+
Q5071;257034_-
Q5072;257168_-
Q5073;257436_-
Q5074;257689_-
Q5075;257810_+
Q5076;258304_-
Q5077;258364_+
Q5091;262546_-
Q5092;262682_-
Q5093;263990_+
Q5094;264032_+
Q5095;264702_+
Q5096;265272_-
Q5097;265294_-
Q5098;265421_+
Q5099;265449_-
Q5100;265986_-
Q5101;266005_+
Q5102;266934_+
Q5103;268168_-
Q5104;268186_+
Q5105;268228_+
Q5106;268331_-
Q5108;268449_-
Q5113;269812_+
Q5109;268647_+
Q5110;268780_-
Q5111;268955_-
Q5112;269021_+
Q5114;270106_-
Q5115;270370_-
Q5116;270372_-
Q5124;271664_+
Q5117;270596_+
Q5118;270662_-
Q5119;270744_+
Q5120;270796_-
Q5121;270853_-
Q5122;270874_+
Q5123;271223_-
Q5130;274637_-
Q5131;275295_-
Q5132;275454_+
Q5133;275895_+
Q5125;272106_+
Q5126;272370_+
Q5127;274332_-
Q5128;274368_-
Q5129;274510_+
Q5134;277021_-
Q5135;277070_-
Q5136;277400_-
Q5137;277725_-
Q5138;278422_+
Q5139;279117_-
Q5140;279153_-
Q5141;279203_-
Q5142;279224_+
Q5143;279353_+
Q5144;279359_+
Q5145;279710_-
Q5146;279728_+
Q5147;279956_+
Q5148;279987_+
Q5149;280043_-
Q5150;281221_-
Q5151;281443_+
Q5152;281981_-
Q5153;282234_+
Q5154;284388_-
Q5155;285621_+
Q5156;288240_+
Q5157;288302_-
Q5158;288414_-
Q5159;288474_+
Q5160;289413_+
Q5165;289701_-
Q5166;289782_+
Q5167;289893_+
Q5168;290588_-
Q5161;289564_-
Q5162;289570_-
Q5163;289652_-
Q5164;289665_+
Q5174;291335_-
Q5169;290624_-
Q5170;290631_-
Q5171;290751_+
Q5172;291112_+
Q5173;291221_+
Q5175;291359_+
Q5176;291477_-
Q5182;292110_-
Q5183;292170_-
Q5185;292342_-
Q5177;291665_-
Q5178;291677_-
Q5179;291678_+
Q5180;291714_+
Q5181;291895_+
Q5186;292365_+
Q5191;293875_+
Q5192;294546_-
Q5193;294584_-
Q5194;294620_+
Q5195;294627_+
Q5187;292770_+
Q5188;293130_+
Q5189;293211_+
Q5190;293873_+
Q5196;294840_+
Q5197;294844_-
Q5198;294852_+
Q5199;294937_-
Q5200;294971_+
Q5201;295193_-
Q5202;295236_-
Q5203;295463_+
Q5208;296438_+
Q5204;295820_+
Q5205;295822_-
Q5206;296384_+
Q5207;296389_+
Q5209;296537_-
Q5210;296748_-
Q5211;296947_+
Q5217;299751_+
Q5218;299825_-
Q5219;301168_+
Q5212;297066_-
Q5213;298518_+
Q5214;299451_-
Q5215;299484_-
Q5216;299559_+
Q5220;301674_+
Q5221;301806_-
Q5223;302004_+
Q5224;302183_+
Q5225;302198_+
Q5226;302760_+
Q5227;302910_-
Q5228;303195_-
Q5229;303630_-
Q5230;303654_-
Q5231;303751_-
Q5232;303889_-
Q5233;303970_+
Q5234;304116_-
Q5243;305260_+
Q5244;305555_+
Q5245;305655_-
Q5246;305666_-
Q5247;305988_-
Q5248;306256_+
Q5235;304138_+
Q5236;304144_+
Q5237;304328_-
Q5238;304330_-
Q5239;304399_-
Q5240;304482_+
Q5241;304943_+
Q5242;305251_-
Q5249;306913_+
Q5250;307014_+
Q5251;307867_-
Q5252;309380_+
Q5253;309390_+
Q5254;309410_+
Q5255;309464_+
Q5256;309574_+
Q5257;310230_-
Q5258;310615_-
Q5262;311221_+
Q5263;311290_-
Q5264;311300_-
Q5265;311344_+
Q5266;311911_-
Q5267;312027_-
Q5268;312028_+
Q5269;312032_+
Q5270;312509_-
Q5273;313045_+
Q5291;320199_-
Q5293;320708_+
Q5278;315752_-
Q5288;319342_+
Q5289;319419_+
Q5290;319913_+
Q5274;314640_-
Q5275;314642_-
Q5276;315539_-
Q5277;315616_+
Q5279;315985_+
Q5280;316498_-
Q5281;316585_+
Q5282;317427_+
Q5283;318001_-
Q5284;318308_+
Q5285;318605_-
Q5286;318697_+
Q5287;319257_-
Q5294;321150_-
Q5295;321182_-
Q5296;321842_-
Q5297;321859_+
Q5303;324551_+
Q5304;324873_-
Q5305;326936_+
Q5306;328077_+
Q5307;328585_-
Q5308;329056_+
Q5309;329190_+
Q5310;329302_+
Q5311;330322_+
Q5298;321903_+
Q5299;323166_+
Q5300;323507_+
Q5301;324099_+
Q5302;324504_-
Q5312;330648_-
Q5313;330667_-
Q5314;330673_+
Q5319;331503_+
Q5320;331725_-
Q5321;332633_+
Q5322;333067_+
Q5323;333227_-
Q5324;333695_-
Q5325;334288_-
Q5326;334381_-
Q5327;334929_+
Q5328;338076_-
Q5330;339315_-
Q5331;339427_-
Q5332;340318_-
Q5333;340326_-
Q5341;342490_+
Q5342;342858_-
Q5343;343053_+
Q5334;341156_+
Q5335;341633_+
Q5337;341850_+
Q5339;341914_+
Q5340;342042_+
Q5344;343226_-
Q5345;343563_+
Q5346;343717_+
Q5347;343909_+
Q5349;344269_-
Q5350;344476_+
Q5351;344820_-
Q5352;344932_-
Q5353;345096_-
Q5354;345550_-
Q5355;345656_+
Q5356;346521_+
Q5357;346871_-
Q5358;347693_-
Q5359;349205_-
Q5360;349241_-
Q5361;349392_+
Q5362;349664_-
Q5363;351422_-
Q5364;351884_-
Q5365;352239_-
Q5366;353124_+
Q5367;353430_+
Q5368;353664_+
Q5369;354108_+
Q5370;355229_+
Q5373;357500_-
Q5374;357938_-
Q5375;358680_-
Q5376;359257_+
Q5377;360442_-
Q5382;360772_-
Q5383;361116_+
Q5378;360499_-
Q5379;360506_+
Q5380;360518_+
Q5381;360613_-
Q5384;361270_-
Q5385;362097_-
Q5394;367626_-
Q5386;362337_-
Q5387;362413_+
Q5388;362463_+
Q5389;364757_+
Q5390;365567_-
Q5391;365901_+
Q5392;366911_-
Q5393;367154_+
Q5395;369774_-
Q5396;369831_+
Q5397;369881_-
Q5398;370660_-
Q5399;371111_-
Q5406;375366_+
Q5407;375688_+
Q5408;376380_+
Q5400;371529_-
Q5403;374670_-
Q5404;375164_-
Q5405;375354_-
Q5409;376436_-
Q5410;376458_+
Q5411;376602_-
Q5412;376766_+
Q5413;376815_-
Q5414;376826_-
Q5415;376861_-
Q5416;377226_-
Q5417;377262_+
Q5428;379953_+
Q5429;380058_-
Q5430;380424_-
Q5431;380547_+
Q5432;380859_+
Q5437;382114_-
Q5433;381033_-
Q5434;381045_+
Q5435;381687_-
Q5436;381904_-
Q5418;377553_+
Q5419;378088_+
Q5420;379124_-
Q5426;379925_-
Q5427;379930_-
Q5438;382126_+
Q5421;379401_+
Q5422;379427_-
Q5423;379669_-
Q5424;379682_+
Q5425;379808_-
Q5444;383561_+
Q5445;383856_-
Q5446;383877_+
Q5447;387967_-
Q5439;382268_-
Q5440;382347_+
Q5441;382979_-
Q5442;383064_+
Q5443;383104_-
Q5448;388109_-
Q5449;388394_+
Q5450;388978_-
Q5451;389646_-
Q5452;389852_+
Q5453;389879_-
Q5454;390120_-
Q5455;390122_-
Q5456;390159_+
Q5457;390220_-
Q5458;390222_-
Q5459;390510_+
Q5460;390553_-
Q5461;390603_+
Q5462;390637_+
Q5463;390818_+
Q5464;391024_-
Q5465;391101_+
Q5466;391998_+
Q5467;392000_+
Q5481;395587_-
Q5482;395605_+
Q5468;392203_-
Q5469;392274_+
Q5470;392322_-
Q5471;392409_-
Q5472;392448_+
Q5473;392607_-
Q5474;392919_-
Q5475;392929_+
Q5476;393395_+
Q5483;395656_-
Q5484;395779_+
Q5477;393622_-
Q5478;393638_+
Q5479;395178_+
Q5480;395566_+
Q5485;395792_+
Q5486;396799_-
Q5487;397095_+
Q5488;397446_+
Q5489;397726_-
Q5490;398026_-
Q5491;398540_-
Q5492;398608_-
Q5493;398668_+
Q5494;398796_+
Q5495;399027_-
Q5496;399328_-
Q5497;399608_-
Q5498;399886_-
Q5499;400193_+
Q5500;400528_-
Q5501;400543_+
Q5502;400587_+
Q5503;401020_+
Q5504;401484_-
Q5505;401912_-
Q5506;402455_+
Q5507;402459_+
Q5508;402721_-
Q5509;402738_-
Q5515;405500_+
Q5510;403596_-
Q5511;403793_-
Q5512;404921_-
Q5513;404966_+
Q5514;405171_+
Q5516;405502_+
Q5517;405865_-
Q5518;405914_+
Q5519;406296_-
Q5520;406503_+
Q5521;406743_-
Q5522;406923_+
Q5523;406972_+
Q5524;407697_+
Q5525;407740_-
Q5526;407755_+
Q5533;409279_+
Q5534;409344_+
Q5535;410452_+
Q5537;410634_-
Q5527;407796_+
Q5528;407798_+
Q5530;408223_-
Q5531;408842_+
Q5532;409274_-
Q5538;410659_-
Q5539;410977_-
Q5540;411196_-
Q5541;411559_-
Q5542;411631_-
Q5543;411755_-
Q5544;412049_-
Q5545;412577_-
Q5546;413091_+
Q5547;414228_-
Q5548;415427_+
Q5549;415586_+
Q5550;415757_-
Q5551;416200_-
Q5552;416272_+
Q5553;416325_+
Q5559;418328_-
Q5560;418643_+
Q5561;418738_+
Q5562;418819_+
Q5554;416683_+
Q5555;417099_-
Q5556;417538_-
Q5557;417550_+
Q5558;417557_-
Q5563;418901_+
Q5564;419445_+
Q5565;419920_+
Q5566;419972_+
Q5567;420347_-
Q5568;420980_+
Q5569;421220_+
Q5570;421690_-
Q5571;421735_-
Q5572;421970_-
Q5573;422074_-
Q5574;422128_+
Q5575;422366_-
Q5576;422537_+
Q5581;424206_-
Q5582;424208_-
Q5583;424209_+
Q5584;424350_-
Q5577;423029_+
Q5578;423061_+
Q5579;423566_+
Q5580;423641_-
Q5585;424567_-
Q5586;424730_-
Q5587;424897_-
Q5588;425071_-
Q5589;425217_-
Q5590;425266_+
Q5591;425279_+
Q5592;425711_-
Q5593;425925_+
Q5594;426000_+
Q5595;426243_+
Q5596;426339_+
Q5597;426428_+
Q5598;426486_-
Q5599;426780_-
Q5600;427933_+
Q5601;428857_+
Q5602;429020_+
Q5608;430489_-
Q5603;429361_-
Q5604;429800_+
Q5605;429969_-
Q5606;430045_-
Q5607;430234_-
Q5609;430545_+
Q5610;430838_-
Q5611;431082_+
Q5619;432201_+
Q5616;431689_-
Q5617;432100_-
Q5618;432199_+
Q5625;433915_-
Q5612;431315_-
Q5613;431409_-
Q5614;431411_-
Q5615;431469_-
Q5620;432621_-
Q5621;432791_-
Q5622;433239_-
Q5623;433660_+
Q5624;433836_+
Q5635;438066_+
Q5626;435438_-
Q5627;435800_-
Q5628;435812_-
Q5629;436285_-
Q5630;437000_+
Q5631;437221_-
Q5632;437386_+
Q5633;437508_-
Q5634;437531_-
Q5636;438247_+
Q5637;438784_-
Q5638;438871_-
Q5639;439938_-
Q5640;439964_+
Q5641;440195_-
Q5642;440223_+
Q5643;440597_-
Q5644;440693_+
Q5645;440769_-
Q5646;440928_+
Q5647;441117_-
Q5648;441178_+
Q5649;441571_+
Q5650;442093_+
Q5651;442488_-
Q5652;443381_+
Q5653;443640_+
Q5654;443784_-
Q5655;443790_+
Q5656;443827_+
Q5657;443882_+
Q5658;444046_-
Q5659;444450_+
Q5660;444751_+
Q5661;445219_-
Q5662;446018_-
Q5663;446164_-
Q5664;446784_-
Q5665;447232_+
Q5666;449040_-
Q5667;449423_-
Q5668;449846_-
Q5669;449864_+
Q5670;450877_-
Q5671;450922_+
Q5676;453433_-
Q5677;453575_+
Q5678;453647_+
Q5679;453658_+
Q5672;451558_+
Q5673;452197_-
Q5674;452382_-
Q5675;452678_+
Q5691;455829_+
Q5692;456874_-
Q5693;457289_-
Q5694;457444_+
Q5686;454259_-
Q5687;454575_-
Q5688;455006_-
Q5689;455779_+
Q5690;455801_+
Q5680;453888_+
Q5681;453939_+
Q5682;454051_-
Q5683;454058_+
Q5685;454217_+
Q5700;458037_+
Q5695;457549_-
Q5696;457815_+
Q5697;457938_-
Q5698;458004_+
Q5699;458033_+
Q5701;458039_+
Q5702;458242_-
Q5708;460621_+
Q5709;460646_-
Q5710;460950_+
Q5703;459074_-
Q5704;459112_-
Q5705;459797_-
Q5706;460436_+
Q5707;460556_+
Q5711;461071_+
Q5712;461077_+
Q5713;461132_-
Q5714;461571_+
Q5715;462986_+
Q5716;463288_-
Q5717;463619_-
Q5718;463787_-
Q5719;464417_-
Q5720;464798_-
Q5721;464880_+
Q5722;465038_+
Q5723;465290_+
Q5724;465454_+
Q5725;465918_+
Q5730;467329_+
Q5726;466163_+
Q5727;466607_+
Q5728;467077_-
Q5729;467247_+
Q5731;467579_+
Q5732;467628_+
Q5733;467703_+
Q5739;470009_-
Q5740;471511_+
Q5741;472304_+
Q5734;468556_+
Q5735;469000_+
Q5736;469490_+
Q5737;469708_-
Q5738;469858_-
Q5742;472450_+
Q5743;472676_+
Q5744;473164_+
Q5745;473783_+
Q5746;474425_-
Q5747;474530_+
Q5748;474544_+
Q5749;475536_-
Q5750;475558_+
Q5751;475646_+
Q5752;475711_-
Q5753;475840_+
Q5754;475947_+
Q5760;477191_-
Q5761;477412_-
Q5755;476435_+
Q5756;476560_+
Q5757;476591_+
Q5758;476971_-
Q5759;477185_-
Q5762;477431_+
Q5763;477595_+
Q5764;477836_-
Q5765;477866_-
Q5766;478512_-
Q5767;478545_-
Q5768;478604_+
Q5769;478899_-
Q5770;478930_+
Q5771;479028_-
Q5786;480381_+
Q5787;480805_+
Q5782;479857_-
Q5783;480019_-
Q5784;480104_-
Q5777;479663_+
Q5778;479725_-
Q5779;479735_+
Q5780;479747_+
Q5781;479854_-
Q5772;479168_-
Q5773;479338_-
Q5774;479366_+
Q5775;479579_+
Q5776;479647_-
Q5793;482935_+
Q5794;482949_+
Q5795;483182_+
Q5796;483577_+
Q5797;484060_+
Q5788;480913_-
Q5789;481275_-
Q5790;481325_+
Q5791;481354_+
Q5792;481459_+
Q5798;485064_-
Q5799;485083_+
Q5800;485204_-
Q5801;485310_-
Q5807;487553_+
Q5808;488205_+
Q5809;488501_+
Q5810;488828_+
Q5802;485329_-
Q5803;485566_-
Q5804;485713_+
Q5805;486277_+
Q5806;486925_+
Q5817;490112_-
Q5818;490446_+
Q5819;490530_+
Q5820;490535_+
Q5811;488990_+
Q5814;489419_-
Q5815;489453_-
Q5816;490083_+
Q5821;490663_-
Q5822;490725_-
Q5823;491181_-
Q5824;491279_+
Q5842;497743_-
Q5843;497867_+
Q5844;498681_-
Q5835;496340_-
Q5836;496357_+
Q5837;496675_+
Q5838;496791_-
Q5839;496793_-
Q5840;497074_+
Q5841;497632_-
Q5825;491670_-
Q5826;492525_+
Q5827;492527_+
Q5828;492529_+
Q5829;493101_+
Q5830;493641_+
Q5831;494299_-
Q5832;494300_+
Q5833;494402_-
Q5834;495717_+
Q5845;498794_+
Q5846;499217_-
Q5847;499323_+
Q5848;499511_+
Q5849;499640_+
Q5850;499875_-
Q5851;500349_-
Q5852;500461_-
Q5853;500556_+
Q5854;501716_-
Q5855;502519_-
Q5856;503223_+
Q5857;503611_-
Q5865;506322_+
Q5866;506372_+
Q5863;505152_+
Q5864;506094_+
Q5871;507336_+
Q5872;507400_+
Q5873;507406_+
Q5874;507601_+
Q5858;503973_-
Q5859;503978_-
Q5860;503996_+
Q5861;504112_+
Q5862;504810_+
Q5867;506424_+
Q5868;506428_+
Q5869;506665_-
Q5870;507321_-
Q5886;515810_-
Q5887;515879_+
Q5888;516545_+
Q5889;517076_+
Q5890;517382_+
Q5891;517496_+
Q5892;517530_-
Q5893;518108_-
Q5894;518388_+
Q5895;518552_-
Q5876;508210_-
Q5877;509951_+
Q5878;510585_-
Q5879;511973_+
Q5885;515739_-
Q5880;513102_+
Q5881;514469_+
Q5882;514926_-
Q5883;515049_-
Q5884;515116_+
Q5896;518613_+
Q5897;519021_-
Q5898;521458_+
Q5899;523635_+
Q5900;524522_-
Q5901;526158_+
Q5902;526159_-
Q5903;526178_+
Q5904;526264_-
Q5905;526430_+
Q5906;526492_+
Q5907;527354_+
Q5908;527510_-
Q5909;527812_-
Q5919;531310_-
Q5910;528236_-
Q5911;528252_+
Q5912;529141_-
Q5913;529241_+
Q5920;531509_-
Q5921;531614_+
Q5922;531840_+
Q5914;529466_+
Q5915;529667_+
Q5916;530116_-
Q5917;530477_-
Q5918;531040_+
Q5923;532171_-
Q5924;532189_+
Q5925;532207_+
Q5926;532760_+
Q5927;532856_+
Q5928;534049_+
Q5929;534103_+
Q5930;535340_-
Q5931;535993_+
Q5932;536944_-
Q5933;537043_+
Q5934;539361_+
Q5935;539571_+
Q5936;539638_-
Q5937;540123_-
Q5938;540259_+
Q5939;540431_+
Q5940;541120_+
Q5941;541334_+
Q5942;542385_+
Q5944;542562_-
Q5945;542583_-
Q5946;543358_+
Q5947;543795_-
Q5948;543805_-
Q5949;545363_+
Q5950;548980_+
Q5952;551542_-
Q5953;552365_-
Q5954;553246_-
Q5955;553407_-
Q5956;553639_+
Q5957;553713_-
Q5963;554687_+
Q5964;555802_-
Q5958;553781_-
Q5959;553800_+
Q5960;553845_-
Q5961;553943_+
Q5962;554021_+
Q5965;555994_-
Q5966;556115_-
Q5971;557004_-
Q5972;557255_+
Q5973;557753_+
Q5974;559003_-
Q5975;559352_+
Q5967;556125_+
Q5968;556244_-
Q5969;556247_-
Q5970;556343_-
Q5980;560394_+
Q5981;561078_-
Q5982;561184_-
Q5983;561222_+
Q5976;559757_+
Q5977;559961_+
Q5978;559974_-
Q5979;560245_-
Q5984;561364_-
Q5985;562077_-
Q5986;563073_+
Q5987;563597_+
Q5988;563601_+
Q5989;563921_+
Q5990;564555_+
Q5991;565163_-
Q5992;565236_-
Q5993;565315_+
Q5994;565455_+
Q5995;566190_-
Q5996;566192_-
Q5997;567089_-
Q6003;568494_+
Q5998;567166_+
Q5999;567487_-
Q6000;567514_+
Q6001;567653_+
Q6002;568278_+
Q6004;570029_+
Q6005;570527_-
Q6011;571426_-
Q6006;570587_+
Q6007;570642_-
Q6008;570856_+
Q6009;571159_+
Q6010;571313_+
Q6021;575331_-
Q6012;571444_+
Q6013;571488_-
Q6014;572182_-
Q6015;572979_+
Q6022;575461_-
Q6023;575518_+
Q6024;575698_+
Q6016;573406_+
Q6017;574967_-
Q6018;575003_-
Q6019;575093_+
Q6020;575189_-
Q6030;576581_-
Q6031;576907_+
Q6032;577165_-
Q6033;577365_-
Q6025;575893_+
Q6026;576081_+
Q6027;576093_-
Q6028;576452_+
Q6034;577909_-
Q6035;578369_+
Q6036;578844_-
Q6037;578931_+
Q6038;579070_+
Q6039;579199_+
Q6040;579283_+
Q6042;580531_+
Q6043;580876_-
Q6044;581388_+
Q6045;581441_+
Q6046;581442_-
Q6047;581444_-
Q6048;581499_-
Q6049;581993_-
Q6050;582054_-
Q6051;582057_+
Q6052;582200_-
Q6053;582359_-
Q6054;582366_-
Q6056;582805_+
Q6057;582819_+
Q6058;583685_-
Q6059;583999_+
Q6060;584331_+
Q6061;584887_-
Q6062;584893_-
Q6063;584897_+
Q6065;585001_-
Q6066;585005_-
Q6067;585282_+
Q6068;585579_+
Q6069;585934_+
Q6070;586184_+
Q6071;586240_-
Q6072;586714_-
Q6073;588254_+
Q6074;588612_-
Q6075;588867_+
Q6076;588949_-
Q6077;589268_+
Q6078;589545_-
Q6079;589601_+
Q6080;590054_+
Q6085;591760_-
Q6086;591889_+
Q6081;590159_-
Q6082;590272_+
Q6083;590484_-
Q6084;591163_-
Q6087;592363_+
Q6088;592436_-
Q6094;593427_-
Q6095;593439_+
Q6096;593676_+
Q6089;592812_+
Q6090;592922_-
Q6091;593250_+
Q6092;593336_+
Q6093;593400_+
Q6103;595680_+
Q6104;595784_-
Q6105;596045_-
Q6106;596215_+
Q6097;594472_-
Q6098;594522_-
Q6099;594684_-
Q6100;594690_-
Q6101;594797_+
Q6102;595301_-
Q6107;596317_-
Q6108;596340_-
Q6109;596419_-
Q6110;596833_+
Q6116;598613_-
Q6111;596837_-
Q6112;596841_+
Q6113;597052_-
Q6114;597189_-
Q6115;598074_-
Q6127;602092_-
Q6124;601190_-
Q6125;601253_-
Q6126;601623_+
Q6117;599079_+
Q6118;599112_+
Q6119;600541_-
Q6120;600564_+
Q6121;600846_-
Q6122;601053_+
Q6123;601152_+
Q6132;602853_+
Q6133;603442_-
Q6134;603677_+
Q6135;603794_-
Q6136;603906_-
Q6128;602608_+
Q6129;602624_-
Q6130;602731_-
Q6131;602750_+
Q6137;603908_-
Q6138;604063_+
Q6139;604676_-
Q6149;607846_-
Q6140;605135_-
Q6141;605448_-
Q6142;605626_-
Q6143;606024_-
Q6144;606962_+
Q6145;606990_+
Q6146;607015_-
Q6147;607179_+
Q6148;607284_+
Q6150;608139_-
Q6151;608303_-
Q6152;608403_-
Q6159;609964_-
Q6160;610386_+
Q6161;610397_-
Q6154;608986_+
Q6155;609300_-
Q6156;609362_-
Q6157;609411_-
Q6158;609461_-
Q6167;614963_+
Q6168;615121_+
Q6169;615273_+
Q6170;615275_+
Q6162;611891_-
Q6163;612282_+
Q6164;613248_+
Q6165;613453_+
Q6166;613909_-
Q6175;621147_-
Q6176;621457_-
Q6177;621476_+
Q6178;621477_-
Q6179;621481_+
Q6180;621651_-
Q6171;615619_+
Q6172;617434_+
Q6173;618448_+
Q6174;619374_+
Q6181;621934_-
Q6182;622015_-
Q6183;623127_-
Q6184;623762_+
Q6189;627912_+
Q6190;627920_-
Q6185;623950_-
Q6186;624054_+
Q6187;625545_-
Q6188;627801_+
Q6191;628460_-
Q6192;628561_-
Q6198;629633_+
Q6208;632780_+
Q6193;628573_-
Q6194;628583_+
Q6195;629004_+
Q6196;629016_+
Q6197;629081_+
Q6214;635837_-
Q6215;636272_+
Q6226;637856_-
Q6209;632856_-
Q6210;633721_+
Q6199;630097_+
Q6200;630279_-
Q6201;631013_+
Q6202;631015_+
Q6203;631232_+
Q6204;631808_+
Q6205;631983_-
Q6206;632292_-
Q6207;632746_-
Q6211;633776_+
Q6212;634075_-
Q6213;635657_-
Q6227;637916_+
Q6228;637956_-
Q6229;638005_-
Q6230;638074_-
Q6231;638104_+
Q6216;636434_-
Q6217;636511_+
Q6218;636947_-
Q6219;636965_+
Q6220;637251_+
Q6232;638154_-
Q6233;638400_-
Q6234;638450_+
Q6235;638718_-
Q6225;637852_+
Q6221;637356_-
Q6222;637421_+
Q6223;637783_-
Q6224;637846_+
Q6236;638786_-
Q6237;638961_-
Q6238;639567_+
Q6243;641147_+
Q6244;641404_+
Q6245;641635_+
Q6239;640375_-
Q6240;640538_+
Q6241;641082_+
Q6242;641126_-
Q6246;641708_+
Q6247;642309_+
Q6248;642606_-
Q6251;643163_-
Q6252;643276_-
Q6253;643357_-
Q6254;643468_+
Q6255;643512_-
Q6256;643568_-
Q6257;643707_-
Q6262;644494_-
Q6263;644517_-
Q6258;643723_+
Q6259;643856_+
Q6260;644146_+
Q6261;644257_-
Q6264;644694_-
Q6265;645258_-
Q6266;645373_+
Q6267;645861_+
Q6268;645878_+
Q6269;646026_+
Q6270;646264_+
Q6271;647071_-
Q6272;648818_+
Q6273;649101_+
Q6274;650803_+
Q6275;651749_+
Q6276;651822_+
Q6277;651980_+
Q6278;653276_-
Q6279;653295_+
Q6280;653851_-
Q6281;654025_+
Q6282;654030_-
Q6283;654439_-
Q6284;654525_-
Q6285;654683_+
Q6286;654880_-
Q6287;654976_-
Q6288;655246_-
Q6289;655929_+
Q6290;656436_-
Q6291;656438_+
Q6293;656719_+
Q6294;656923_+
Q6292;656473_+
Q6300;657546_+
Q6301;658046_+
Q6302;658473_+
Q6295;657157_+
Q6296;657187_+
Q6297;657190_-
Q6298;657220_-
Q6299;657463_-
Q6303;658873_+
Q6304;659298_+
Q6305;659376_-
Q6306;659524_-
Q6307;659678_+
Q6313;660659_+
Q6308;659809_+
Q6309;659870_+
Q6310;660079_-
Q6311;660205_+
Q6312;660271_+
Q6314;660765_-
Q6315;661390_-
Q6324;663338_-
Q6321;662523_-
Q6322;663224_-
Q6323;663242_+
Q6316;661533_-
Q6317;661535_-
Q6318;661657_+
Q6319;661929_-
Q6320;662038_+
Q6329;665404_-
Q6330;665546_+
Q6331;666859_-
Q6332;668359_-
Q6333;668447_-
Q6325;664336_+
Q6326;664481_+
Q6327;664555_-
Q6328;664831_-
Q6334;668468_+
Q6335;668708_+
Q6336;668834_+
Q6337;668962_+
Q6338;669738_-
Q6343;670612_-
Q6339;669819_+
Q6340;670125_-
Q6341;670302_-
Q6342;670590_+
Q6344;671010_+
Q6345;671130_+
Q6346;671542_+
Q6355;674581_+
Q6356;674650_+
Q6347;671559_-
Q6348;671874_+
Q6349;672221_-
Q6350;673621_+
Q6351;673965_-
Q6352;674158_+
Q6353;674199_-
Q6354;674216_+
Q6357;674852_-
Q6358;674909_-
Q6359;674911_-
Q6360;674928_+
Q6361;675016_-
Q6362;675141_+
Q6363;675435_+
Q6364;675566_+
Q6365;675568_+
Q6366;676390_-
Q6367;676408_-
Q6368;677412_+
Q6369;677513_+
Q6370;677749_-
Q6371;677761_-
Q6372;678163_-
Q6373;678267_+
Q6374;678389_+
Q6375;678687_+
Q6376;679298_-
Q6377;679724_-
Q6378;679815_+
Q6379;680030_+
Q6380;680846_-
Q6385;681623_-
Q6386;681655_+
Q6381;680863_+
Q6382;681267_-
Q6383;681390_-
Q6384;681440_+
Q6387;681886_-
Q6400;688438_-
Q6401;688931_-
Q6402;689825_-
Q6403;690177_-
Q6404;690984_+
Q6405;690991_+
Q6406;691042_+
Q6407;691107_-
Q6408;691875_-
Q6409;692652_-
Q6388;682232_+
Q6389;682473_+
Q6390;682643_-
Q6391;682792_-
Q6397;688274_-
Q6392;683267_-
Q6393;685875_+
Q6394;685886_-
Q6395;688227_-
Q6396;688263_-
Q6431;695908_-
Q6410;692692_-
Q6411;692775_+
Q6417;693695_-
Q6418;693729_+
Q6419;694012_+
Q6412;692855_-
Q6413;692916_-
Q6414;693321_+
Q6415;693436_+
Q6416;693449_+
Q6432;695961_-
Q6433;696053_-
Q6420;694031_-
Q6421;694167_+
Q6422;694215_-
Q6423;694236_+
Q6424;694300_+
Q6425;695037_-
Q6426;695371_-
Q6428;695727_-
Q6429;695839_-
Q6430;695887_+
Q6444;698445_-
Q6434;696162_-
Q6435;696231_-
Q6436;696280_+
Q6437;696389_-
Q6438;696493_-
Q6439;696559_-
Q6440;696595_-
Q6442;697111_-
Q6443;697363_-
Q6455;702249_-
Q6456;702278_-
Q6457;702295_+
Q6445;699214_+
Q6463;702929_-
Q6464;703063_+
Q6458;702396_-
Q6459;702483_+
Q6460;702547_+
Q6461;702826_-
Q6462;702864_+
Q6451;701094_-
Q6452;701104_+
Q6453;701232_-
Q6454;701551_-
Q6446;699578_-
Q6447;699961_-
Q6448;700644_-
Q6449;700825_+
Q6450;701088_-
Q6465;703165_-
Q6466;703328_+
Q6467;703482_+
Q6468;703704_+
Q6469;704214_+
Q6470;704462_+
Q6471;704870_-
Q6472;705083_+
Q6473;705286_+
Q6474;705584_+
Q6475;706074_-
Q6476;706231_+
Q6477;706421_+
Q6480;707459_+
Q6481;708398_+
Q6482;709233_-
Q6483;709298_-
Q6488;709945_-
Q6489;710051_-
Q6490;710080_+
Q6491;710304_-
Q6484;709315_+
Q6485;709342_+
Q6486;709377_-
Q6487;709939_-
Q6492;710650_+
Q6493;710744_-
Q6494;711173_-
Q6495;711175_-
Q6496;711306_-
Q6497;711795_-
Q6498;711893_-
Q6499;711895_-
Q6500;711904_+
Q6501;712058_-
Q6502;712066_-
Q6503;712067_+
Q6504;712074_+
Q6505;712169_+
Q6506;712509_+
Q6507;712514_+
Q6508;712678_-
Q6509;712851_-
Q6510;714510_+
Q6511;714784_-
Q6512;714845_+
Q6513;715208_+
Q6519;717470_-
Q6514;715327_-
Q6515;715449_+
Q6516;715855_+
Q6517;715994_+
Q6518;716283_-
Q6520;718339_+
Q6521;718418_-
Q6522;720191_+
Q6523;720559_-
Q6524;720995_-
Q6529;723200_+
Q6530;723633_-
Q6531;723712_-
Q6532;723819_+
Q6533;723962_-
Q6534;724388_+
Q6535;725147_+
Q6536;726198_+
Q6537;728096_+
Q6538;728403_+
Q6525;721257_-
Q6526;721434_-
Q6527;721861_+
Q6528;722987_-
Q6539;728445_-
Q6540;729181_+
Q6541;729709_-
Q6542;731904_-
Q6543;732565_+
Q6544;732683_+
Q6545;732780_-
Q6546;733775_-
Q6554;738219_-
Q6551;734924_+
Q6552;735101_+
Q6553;738203_+
Q6547;734388_-
Q6548;734541_+
Q6549;734597_-
Q6550;734757_+
Q6555;738646_+
Q6556;738648_+
Q6557;738717_+
Q6558;738880_-
Q6559;738926_+
Q6560;739035_-
Q6561;739046_+
Q6562;739312_-
Q6563;739655_+
Q6564;739719_-
Q6565;741314_-
Q6566;741333_+
Q6567;741649_-
Q6568;741722_+
Q6569;741852_+
Q6570;741892_-
Q6571;742021_+
Q6582;744495_-
Q6583;744781_+
Q6588;745822_+
Q6589;747026_-
Q6590;747030_-
Q6591;747051_-
Q6584;745109_-
Q6585;745140_-
Q6586;745251_-
Q6587;745451_-
Q6572;742071_-
Q6573;742248_+
Q6574;742277_-
Q6575;742383_+
Q6576;743406_-
Q6577;743477_+
Q6578;743686_+
Q6579;744351_-
Q6580;744355_+
Q6581;744397_+
Q6592;747129_-
Q6593;747162_+
Q6594;747398_+
Q6595;747492_-
Q6600;748408_-
Q6601;748626_+
Q6596;747600_+
Q6597;747744_-
Q6598;747802_+
Q6599;748004_+
Q6602;748969_+
Q6603;750108_+
Q6604;750120_+
Q6605;750628_+
Q6607;752391_+
Q6608;752457_+
Q6609;752469_-
Q6610;752579_-
Q6611;752830_+
Q6612;753151_-
Q6613;753267_+
Q6614;753391_+
Q6615;753462_+
Q6616;753944_-
Q6620;754178_+
Q6621;754604_-
Q6622;755306_-
Q6623;756968_-
Q6630;760405_+
Q6624;757260_+
Q6625;757268_+
Q6627;757874_-
Q6628;758156_-
Q6629;758330_+
Q6631;760407_+
Q6632;760728_-
Q6633;761335_+
Q6638;764421_+
Q6639;764486_-
Q6640;765122_-
Q6634;761373_-
Q6635;763404_-
Q6636;763641_-
Q6637;764397_-
Q6641;765522_+
Q6642;767294_+
Q6643;767579_+
Q6644;767876_-
Q6645;767999_+
Q6646;768424_-
Q6647;768871_+
Q6648;769387_+
Q6649;769494_-
Q6650;769739_-
Q6657;770393_+
Q6658;770427_+
Q6659;770507_+
Q6661;770592_+
Q6662;770834_+
Q6663;770940_+
Q6664;771583_-
Q6665;771880_-
Q6666;771944_+
Q6667;772282_+
Q6668;772421_+
Q6673;773916_-
Q6669;772426_+
Q6670;772643_+
Q6671;772693_+
Q6672;772794_-
Q6682;777352_+
Q6683;777611_+
Q6684;778117_-
Q6685;778206_-
Q6676;775121_-
Q6677;775425_-
Q6678;775684_+
Q6679;775897_+
Q6680;776552_+
Q6681;776696_+
Q6674;773934_+
Q6675;774023_+
Q6686;778259_-
Q6687;778688_+
Q6688;779068_+
Q6689;779327_-
Q6690;779538_-
Q6691;779735_+
Q6692;779988_+
Q6693;779994_+
Q6706;781830_+
Q6694;780073_+
Q6695;780291_+
Q6696;780297_+
Q6697;780377_+
Q6698;780599_+
Q6699;780752_+
Q6700;780807_+
Q6703;781017_+
Q6704;781216_-
Q6705;781226_+
